CaseID,CDC Report Date,Gender,Age,Race,Hospitalized,ICU,Death,Comorbidity,Variant
1,5/11/2021,M,16,Cree,TRUE,FALSE,TRUE,FALSE,Delta.145H
2,5/5/2021,F,11,Delaware,TRUE,TRUE,FALSE,FALSE,S.H69-
3,3/27/2020,F,71,Sri Lankan,FALSE,FALSE,FALSE,FALSE,S.H69-
4,12/17/2021,M,44,Paiute,TRUE,FALSE,FALSE,TRUE,S.K417
5,8/17/2020,M,80,Chamorro,FALSE,FALSE,FALSE,TRUE,S.H655
6,4/27/2020,M,74,Potawatomi,FALSE,TRUE,TRUE,FALSE,S.S98F
7,12/6/2020,M,43,Costa Rican,FALSE,TRUE,FALSE,FALSE,S.N439K
8,2/25/2020,M,31,Salvadoran,TRUE,FALSE,TRUE,FALSE,S.L18
9,6/11/2020,F,75,Asian,FALSE,FALSE,TRUE,FALSE,Delta.250I
10,12/23/2021,F,74,Mexican,TRUE,FALSE,TRUE,TRUE,20A.S.126A
11,10/5/2021,M,50,Navajo,TRUE,FALSE,TRUE,TRUE,21J.Delta
12,4/11/2020,F,93,Panamanian,TRUE,FALSE,FALSE,FALSE,Delta.250I
13,2/28/2020,F,1,Colombian,TRUE,FALSE,TRUE,FALSE,21H.Mu
14,1/27/2021,M,25,Guatemalan,TRUE,FALSE,TRUE,TRUE,21B.Kappa
15,3/19/2021,F,35,Lumbee,FALSE,FALSE,TRUE,FALSE,21F.Iota
16,11/3/2021,M,20,Comanche,FALSE,TRUE,TRUE,TRUE,S.N439K
17,8/30/2020,F,100,Blackfeet,FALSE,TRUE,FALSE,TRUE,20H.Beta.V2
18,9/2/2021,M,89,Asian,TRUE,TRUE,TRUE,FALSE,S.L18
19,4/29/2021,M,82,Potawatomi,TRUE,TRUE,FALSE,FALSE,S.Q677H.Quail
20,10/3/2020,M,34,Laotian,TRUE,TRUE,FALSE,FALSE,S.N501
21,9/23/2021,F,8,Pima,TRUE,FALSE,TRUE,FALSE,S.Q677H.Heron
22,12/13/2020,M,11,Hmong,FALSE,TRUE,TRUE,TRUE,S.S98F
23,10/8/2021,M,25,Cuban,TRUE,FALSE,FALSE,FALSE,Delta.N.412R
24,11/24/2021,F,68,Cree,FALSE,FALSE,FALSE,TRUE,20J.Gamma.V3
25,12/15/2020,F,18,Chilean,TRUE,FALSE,TRUE,FALSE,20B.S.732A
26,2/18/2021,M,31,Pima,FALSE,FALSE,FALSE,FALSE,S.Y453F
27,10/16/2021,F,98,Kiowa,FALSE,TRUE,TRUE,TRUE,S.H655
28,8/13/2021,F,62,Apache,TRUE,TRUE,FALSE,FALSE,S.S477
29,10/8/2020,F,79,Fijian,FALSE,TRUE,TRUE,TRUE,S.P681
30,2/26/2021,F,8,American Indian,FALSE,FALSE,TRUE,FALSE,S.A222
31,11/9/2020,M,1,Colville,TRUE,FALSE,TRUE,TRUE,Delta.250I
32,7/10/2020,F,18,Costa Rican,TRUE,FALSE,FALSE,FALSE,S.Q677H.Robin2
33,7/18/2020,F,95,Menominee,FALSE,TRUE,TRUE,TRUE,S.A222
34,11/13/2020,F,93,Eskimo,FALSE,FALSE,TRUE,FALSE,21C.Epsilon
35,12/20/2021,F,35,Venezuelan,FALSE,TRUE,FALSE,TRUE,S.Q677H.Heron
36,8/16/2020,F,62,Cherokee,TRUE,FALSE,FALSE,FALSE,20A.S.126A
37,3/12/2021,M,79,Melanesian,FALSE,TRUE,FALSE,FALSE,S.Y144-
38,8/22/2020,F,58,Pueblo,TRUE,FALSE,FALSE,TRUE,S.S477
39,8/30/2020,F,90,Puget Sound Salish,FALSE,FALSE,FALSE,FALSE,S.K417
40,10/17/2020,M,10,Yakama,TRUE,TRUE,TRUE,TRUE,20A.S.126A
41,3/28/2021,F,87,Guatemalan,FALSE,TRUE,TRUE,FALSE,21A.Delta
42,2/3/2020,M,17,Cree,TRUE,FALSE,FALSE,TRUE,20A.S.210T
43,5/5/2020,F,18,Korean,TRUE,TRUE,TRUE,TRUE,21K.Omicron
44,4/13/2020,M,6,Pueblo,FALSE,FALSE,TRUE,FALSE,21A.21B
45,12/17/2021,M,77,Chickasaw,TRUE,TRUE,TRUE,TRUE,S.K417
46,1/7/2020,F,14,Alaska Native,FALSE,TRUE,FALSE,FALSE,21C.Epsilon
47,8/19/2021,M,6,Ottawa,FALSE,FALSE,FALSE,FALSE,S.Q677H.Mockingbird
48,8/17/2020,M,96,Cuban,TRUE,FALSE,TRUE,TRUE,S.A222
49,9/24/2021,M,19,Korean,TRUE,TRUE,FALSE,FALSE,S.Q677H.Mockingbird
50,1/27/2021,F,42,Native Hawaiian,TRUE,FALSE,TRUE,TRUE,S.Q677H.Robin2
51,4/16/2021,F,72,Guamanian,TRUE,FALSE,TRUE,TRUE,S.T572
52,11/10/2020,F,69,Tohono O'Odham,FALSE,FALSE,TRUE,TRUE,S.A626S
53,10/25/2021,F,89,Fijian,FALSE,TRUE,FALSE,TRUE,21A.21B
54,8/29/2021,M,18,Paiute,TRUE,TRUE,TRUE,TRUE,Delta.N.412R
55,6/4/2021,F,51,Paiute,TRUE,FALSE,TRUE,FALSE,S.Q677H.Robin2
56,3/28/2020,M,21,Alaska Native,TRUE,TRUE,TRUE,FALSE,S.Y144-
57,10/23/2020,F,14,Korean,FALSE,FALSE,FALSE,TRUE,S.A222
58,9/2/2021,M,98,Puerto Rican,FALSE,FALSE,FALSE,FALSE,S.H69-
59,2/25/2021,F,90,Yuman,FALSE,TRUE,TRUE,FALSE,S.Q677H.Bluebird
60,4/9/2021,M,30,Crow,FALSE,FALSE,TRUE,FALSE,20B.S.732A
61,6/1/2021,F,15,Pima,FALSE,TRUE,TRUE,FALSE,S.Q677P.Pelican
62,8/9/2020,F,24,Micronesian,FALSE,TRUE,FALSE,FALSE,21K.Omicron
63,1/24/2020,F,3,Paiute,TRUE,FALSE,TRUE,FALSE,21H.Mu
64,12/31/2020,F,65,Cambodian,TRUE,FALSE,TRUE,TRUE,S.Y453F
65,11/9/2021,F,51,Osage,FALSE,FALSE,TRUE,TRUE,S.Q677H.Robin1
66,2/27/2021,F,57,American Indian and Alaska Native (AIAN),TRUE,TRUE,FALSE,TRUE,21C.Epsilon
67,8/20/2021,M,50,Ecuadorian,FALSE,FALSE,TRUE,FALSE,S.N501
68,2/22/2021,F,60,Cherokee,TRUE,TRUE,TRUE,TRUE,S.K417
69,4/9/2020,M,52,Chinese,TRUE,TRUE,TRUE,TRUE,ORF1a.S3675
70,4/4/2020,M,89,South American,FALSE,TRUE,FALSE,TRUE,20A.EU1
71,1/30/2021,F,74,Alaska Native,TRUE,FALSE,FALSE,FALSE,20J.Gamma.V3
72,12/16/2020,F,59,South American,FALSE,TRUE,FALSE,FALSE,20B.S.796H
73,7/28/2021,F,17,Yaqui,TRUE,TRUE,TRUE,FALSE,S.T572
74,3/31/2020,F,4,Indonesian,TRUE,TRUE,FALSE,TRUE,S.H69-
75,11/21/2021,M,63,Guamanian,TRUE,TRUE,FALSE,TRUE,S.Y453F
76,6/18/2020,F,49,Cuban,TRUE,FALSE,TRUE,FALSE,Delta.N.412R
77,10/26/2021,F,43,Micronesian,TRUE,FALSE,TRUE,TRUE,S.Y145
78,4/20/2020,F,11,Potawatomi,FALSE,TRUE,FALSE,FALSE,S.N439K
79,11/14/2021,M,23,Malaysian,FALSE,TRUE,TRUE,FALSE,S.Q677H.Robin1
80,1/18/2021,M,48,Micronesian,FALSE,TRUE,FALSE,FALSE,S.T572
81,1/7/2020,F,70,Malaysian,FALSE,TRUE,TRUE,FALSE,21H.Mu
82,6/20/2021,M,47,Taiwanese,FALSE,FALSE,TRUE,TRUE,21K.Omicron
83,2/23/2021,M,34,Vietnamese,TRUE,TRUE,FALSE,FALSE,21B.Kappa
84,7/19/2020,M,62,Eskimo,TRUE,TRUE,FALSE,TRUE,S.N501
85,6/11/2021,M,67,Malaysian,FALSE,TRUE,TRUE,TRUE,S.Q677H.Quail
86,3/4/2020,F,20,South American,TRUE,FALSE,FALSE,FALSE,S.Y453F
87,2/24/2020,M,67,Yakama,TRUE,FALSE,FALSE,TRUE,S.N501
88,10/30/2020,F,54,Peruvian,FALSE,TRUE,TRUE,TRUE,S.Q677R.Roadrunner
89,9/9/2021,F,26,Alaskan Athabascan,FALSE,TRUE,FALSE,TRUE,S.Q613
90,5/3/2021,M,6,Shoshone,TRUE,TRUE,TRUE,TRUE,21D.Eta
91,1/14/2020,F,28,Hmong,FALSE,FALSE,TRUE,FALSE,21A.Delta.S.K417
92,3/6/2020,M,24,Malaysian,TRUE,TRUE,FALSE,FALSE,S.Q677P.Pelican
93,11/7/2020,F,70,Bangladeshi,TRUE,FALSE,FALSE,FALSE,S.H69-
94,7/28/2021,M,96,Houma,FALSE,TRUE,TRUE,FALSE,S.V1122L
95,3/3/2020,M,45,Latin American Indian,FALSE,TRUE,TRUE,TRUE,Delta.ORF1a3059F
96,4/17/2020,F,14,Apache,FALSE,TRUE,TRUE,FALSE,S.Q677H.Robin1
97,5/16/2020,F,82,Crow,TRUE,TRUE,FALSE,TRUE,21J.Delta
98,5/11/2021,M,36,Bangladeshi,TRUE,TRUE,TRUE,FALSE,S.S98F
99,10/23/2021,M,6,Yaqui,FALSE,TRUE,FALSE,FALSE,Delta.N.412R
100,1/12/2020,F,25,Bolivian,TRUE,FALSE,TRUE,TRUE,S.Q677R.Roadrunner
101,1/10/2021,F,51,Navajo,FALSE,TRUE,FALSE,FALSE,20B.S.796H
102,2/7/2021,M,23,Paraguayan,TRUE,FALSE,TRUE,FALSE,21G.Lambda
103,12/4/2020,M,60,Laotian,FALSE,TRUE,TRUE,TRUE,Delta.ORF1a3059F
104,11/18/2020,M,30,Potawatomi,TRUE,FALSE,FALSE,TRUE,S.Q677H.Yellowhammer
105,2/20/2021,F,62,Laotian,FALSE,TRUE,TRUE,TRUE,S.H69-
106,6/1/2021,F,94,Black or African American,TRUE,FALSE,TRUE,TRUE,S.S98F
107,4/28/2021,F,72,Bangladeshi,FALSE,TRUE,FALSE,FALSE,S.Q677H.Yellowhammer
108,7/13/2020,M,32,Indonesian,FALSE,TRUE,TRUE,TRUE,S.E484
109,1/5/2021,M,14,Central American,TRUE,TRUE,FALSE,FALSE,S.Q613
110,8/11/2020,M,63,Filipino,FALSE,FALSE,FALSE,TRUE,S.V1122L
111,7/31/2021,M,83,Blackfeet,FALSE,FALSE,FALSE,FALSE,S.H69-
112,5/31/2021,M,70,Alaskan Athabascan,TRUE,FALSE,FALSE,TRUE,S.Q677H.Heron
113,4/30/2021,F,20,Mexican,FALSE,TRUE,FALSE,FALSE,S.Q677H.Heron
114,9/20/2021,F,75,Uruguayan,TRUE,TRUE,TRUE,TRUE,Delta.145H
115,6/22/2021,M,7,Pueblo,TRUE,TRUE,TRUE,FALSE,Delta.250I
116,9/15/2021,F,10,Laotian,TRUE,FALSE,FALSE,TRUE,S.Y145
117,2/4/2020,M,39,Laotian,TRUE,TRUE,FALSE,TRUE,S.H655
118,4/8/2020,F,68,Central American,FALSE,FALSE,FALSE,TRUE,21K.Omicron
119,6/11/2021,M,66,Indonesian,FALSE,FALSE,TRUE,FALSE,21C.Epsilon
120,4/27/2021,M,5,Central American,FALSE,TRUE,TRUE,FALSE,Delta.145H
121,9/4/2021,M,45,Ute,TRUE,FALSE,TRUE,TRUE,21C.Epsilon
122,2/27/2021,M,6,White,TRUE,TRUE,FALSE,FALSE,Omicron Similar
123,1/8/2020,M,43,Peruvian,FALSE,TRUE,FALSE,TRUE,21C.Epsilon
124,3/20/2020,F,82,Paiute,FALSE,FALSE,TRUE,FALSE,S.K417
125,1/5/2021,F,8,Chamorro,TRUE,FALSE,FALSE,TRUE,S.Q677H.Heron
126,9/7/2021,F,42,Guatemalan,FALSE,TRUE,TRUE,TRUE,21K.Omicron
127,11/10/2020,M,6,Nicaraguan,TRUE,TRUE,TRUE,TRUE,S.Q677H.Robin1
128,4/19/2021,F,18,Colville,FALSE,TRUE,TRUE,FALSE,S.Q677H.Yellowhammer
129,4/27/2021,F,56,Native Hawaiian,TRUE,FALSE,FALSE,TRUE,21F.Iota
130,1/1/2020,F,29,Native Hawaiian,TRUE,TRUE,FALSE,TRUE,S.Q613
131,3/2/2021,M,23,Guamanian,TRUE,TRUE,TRUE,TRUE,21F.Iota
132,3/14/2021,M,10,Mexican,FALSE,FALSE,FALSE,FALSE,S.S477
133,9/15/2020,M,57,Bolivian,FALSE,FALSE,TRUE,FALSE,21A.Delta.S.K417
134,9/24/2021,F,60,Polynesian,TRUE,FALSE,FALSE,TRUE,S.P681
135,8/20/2021,M,77,Lumbee,FALSE,TRUE,FALSE,FALSE,Delta.145H
136,6/7/2020,F,70,Yuman,FALSE,FALSE,TRUE,TRUE,S.Q677H.Yellowhammer
137,6/15/2021,M,63,Cree,TRUE,FALSE,TRUE,TRUE,S.N501
138,7/6/2020,F,97,Alaska Native,TRUE,FALSE,TRUE,TRUE,S.Y453F
139,9/17/2020,M,41,Chamorro,FALSE,FALSE,FALSE,FALSE,S.Q677H.Robin2
140,5/8/2021,M,18,Pakistani,TRUE,TRUE,FALSE,TRUE,21A.Delta
141,5/18/2021,F,48,Puget Sound Salish,TRUE,FALSE,TRUE,TRUE,20J.Gamma.V3
142,1/31/2020,F,35,Comanche,FALSE,TRUE,FALSE,FALSE,21D.Eta
143,6/21/2021,M,62,Yaqui,TRUE,TRUE,TRUE,FALSE,21K.Omicron
144,4/11/2021,F,13,Mexican,FALSE,TRUE,TRUE,FALSE,S.Q677H.Mockingbird
145,8/28/2021,F,66,Navajo,FALSE,FALSE,FALSE,FALSE,20I.Alpha.V1
146,1/22/2021,F,43,White,TRUE,FALSE,FALSE,FALSE,S.L18
147,4/19/2020,M,29,Puget Sound Salish,TRUE,TRUE,TRUE,FALSE,S.A222
148,8/17/2021,M,64,Ecuadorian,FALSE,TRUE,FALSE,FALSE,S.Q677H.Robin1
149,8/8/2020,M,16,Aleut,TRUE,FALSE,TRUE,TRUE,S.A626S
150,3/11/2021,M,59,Chickasaw,FALSE,FALSE,FALSE,FALSE,20H.Beta.V2
151,7/11/2020,F,41,Argentinian,FALSE,FALSE,TRUE,FALSE,S.Q677H.Yellowhammer
152,5/13/2020,F,50,Alaskan Athabascan,TRUE,TRUE,FALSE,TRUE,S.Q677H.Mockingbird
153,6/23/2021,M,66,Chinese,FALSE,TRUE,FALSE,FALSE,S.N501
154,9/16/2020,F,64,Navajo,FALSE,TRUE,FALSE,TRUE,S.Y453F
155,3/29/2021,M,27,Osage,TRUE,TRUE,FALSE,FALSE,20B.S.732A
156,10/30/2021,M,95,Venezuelan,TRUE,FALSE,TRUE,FALSE,20B.S.796H
157,10/31/2020,F,29,Fijian,FALSE,FALSE,FALSE,TRUE,21H.Mu
158,2/26/2020,F,37,Tlingit-Haida,TRUE,TRUE,FALSE,FALSE,21K.Omicron
159,1/3/2021,M,66,Paiute,TRUE,TRUE,FALSE,TRUE,S.L18
160,6/26/2021,M,75,Chickasaw,TRUE,FALSE,TRUE,FALSE,21A.21B
161,1/24/2021,F,42,Native Hawaiian,TRUE,FALSE,TRUE,TRUE,20J.Gamma.V3
162,6/8/2020,M,8,Cree,TRUE,FALSE,TRUE,FALSE,21I.Delta
163,11/22/2021,M,53,Latin American Indian,TRUE,TRUE,TRUE,TRUE,21H.Mu
164,8/3/2020,F,24,Salvadoran,FALSE,TRUE,FALSE,FALSE,ORF1a.S3675
165,3/13/2021,F,84,Cheyenne,TRUE,FALSE,TRUE,FALSE,S.S98F
166,8/13/2020,M,26,Native Hawaiian,TRUE,FALSE,TRUE,FALSE,S.Q677H.Yellowhammer
167,1/19/2020,M,20,White,FALSE,FALSE,FALSE,FALSE,20A.EU2
168,2/17/2021,M,30,Tlingit-Haida,TRUE,FALSE,FALSE,TRUE,S.L18
169,2/2/2021,F,3,Taiwanese,FALSE,TRUE,FALSE,FALSE,21B.Kappa
170,1/31/2020,F,52,Polynesian,FALSE,FALSE,TRUE,TRUE,20A.EU2
171,4/16/2020,M,72,Spaniard,FALSE,FALSE,FALSE,TRUE,S.K417
172,11/6/2020,M,74,Osage,FALSE,FALSE,TRUE,FALSE,S.Y145
173,6/23/2021,F,82,Alaskan Athabascan,FALSE,TRUE,TRUE,FALSE,20H.Beta.V2
174,5/5/2020,F,52,Sioux,FALSE,TRUE,TRUE,TRUE,21A.Delta
175,7/26/2021,M,11,Bolivian,TRUE,TRUE,TRUE,TRUE,S.A626S
176,9/12/2021,M,79,Delaware,FALSE,FALSE,FALSE,TRUE,S.Q677H.Bluebird
177,7/2/2020,M,14,Colombian,TRUE,TRUE,FALSE,TRUE,21D.Eta
178,11/21/2020,F,41,Puget Sound Salish,TRUE,TRUE,FALSE,TRUE,S.H655
179,2/24/2021,F,76,Micronesian,FALSE,FALSE,TRUE,FALSE,S.T572
180,5/11/2020,F,92,Guatemalan,FALSE,FALSE,TRUE,FALSE,20B.S.732A
181,5/28/2021,M,44,Samoan,TRUE,FALSE,TRUE,TRUE,S.L18
182,9/6/2020,F,31,Peruvian,TRUE,FALSE,FALSE,TRUE,S.V1122L
183,1/31/2020,M,44,Ottawa,FALSE,TRUE,TRUE,FALSE,S.E484
184,6/24/2021,F,33,Iroquois,TRUE,FALSE,TRUE,FALSE,21G.Lambda
185,8/29/2020,M,83,Tlingit-Haida,TRUE,FALSE,TRUE,TRUE,S.Q613
186,3/16/2020,M,24,Seminole,TRUE,TRUE,FALSE,FALSE,S.Q677P.Pelican
187,12/20/2021,F,46,Dominican (Dominican Republic),TRUE,FALSE,FALSE,FALSE,20A.EU1
188,12/29/2020,M,86,Pueblo,FALSE,FALSE,TRUE,TRUE,S.Q677H.Mockingbird
189,6/12/2020,M,62,Latin American Indian,FALSE,FALSE,TRUE,TRUE,21A.21B
190,3/13/2021,F,72,Japanese,TRUE,FALSE,TRUE,FALSE,S.D80Y
191,4/23/2020,M,9,Malaysian,TRUE,FALSE,FALSE,TRUE,Delta.ORF1a3059F
192,7/23/2020,M,24,Paraguayan,FALSE,FALSE,FALSE,TRUE,20A.EU2
193,7/22/2021,M,85,Alaska Native,FALSE,TRUE,TRUE,FALSE,S.Q677H.Robin1
194,3/7/2021,M,12,Malaysian,TRUE,FALSE,FALSE,TRUE,S.Q677R.Roadrunner
195,5/28/2020,M,68,Venezuelan,TRUE,TRUE,FALSE,TRUE,S.Q677R.Roadrunner
196,9/1/2020,F,72,Chamorro,TRUE,FALSE,FALSE,FALSE,S.Q677
197,12/24/2021,F,5,Venezuelan,FALSE,FALSE,FALSE,TRUE,20A.EU2
198,1/2/2021,F,54,Hmong,TRUE,TRUE,FALSE,FALSE,Delta.145H
199,2/14/2020,F,71,Peruvian,TRUE,FALSE,FALSE,FALSE,S.A222
200,3/21/2020,M,40,Yakama,TRUE,TRUE,TRUE,TRUE,S.Q677
201,12/20/2021,F,16,Taiwanese,FALSE,TRUE,TRUE,FALSE,ORF1a.S3675
202,4/9/2020,F,23,Nicaraguan,FALSE,TRUE,FALSE,FALSE,21C.Epsilon
203,12/21/2020,M,33,American Indian,FALSE,TRUE,FALSE,FALSE,Delta.145H
204,8/25/2020,F,79,Cambodian,FALSE,TRUE,TRUE,FALSE,S.D80Y
205,8/22/2021,F,82,Bangladeshi,FALSE,FALSE,FALSE,FALSE,S.N501
206,8/31/2021,F,2,Aleut,FALSE,TRUE,TRUE,TRUE,21F.Iota
207,4/6/2020,M,26,Chilean,FALSE,FALSE,TRUE,TRUE,S.K417
208,4/17/2020,F,51,Costa Rican,FALSE,TRUE,FALSE,TRUE,21G.Lambda
209,7/27/2021,M,13,Spaniard,FALSE,FALSE,TRUE,FALSE,S.Y145
210,12/25/2021,F,64,Cheyenne,TRUE,FALSE,FALSE,TRUE,S.Q677
211,2/1/2021,F,8,Black or African American,FALSE,TRUE,TRUE,TRUE,Delta.145H
212,1/29/2021,M,27,American Indian,FALSE,FALSE,TRUE,FALSE,S.A626S
213,10/7/2021,M,65,White,TRUE,TRUE,FALSE,FALSE,20B.S.796H
214,3/27/2020,M,79,Vietnamese,TRUE,TRUE,FALSE,TRUE,21J.Delta
215,3/10/2021,F,5,Crow,TRUE,FALSE,FALSE,FALSE,Delta.299I
216,12/25/2020,F,29,Dominican (Dominican Republic),FALSE,FALSE,FALSE,TRUE,S.Y453F
217,6/15/2021,F,86,Panamanian,TRUE,TRUE,TRUE,TRUE,20A.EU2
218,5/14/2020,F,41,Uruguayan,FALSE,FALSE,FALSE,TRUE,21D.Eta
219,1/3/2020,F,66,American Indian and Alaska Native (AIAN),TRUE,TRUE,TRUE,TRUE,S.T572
220,10/26/2020,F,66,South American,FALSE,TRUE,TRUE,TRUE,S.S98F
221,8/2/2021,F,54,Delaware,TRUE,TRUE,TRUE,TRUE,S.Q677H.Quail
222,7/8/2020,F,66,Yaqui,FALSE,TRUE,FALSE,FALSE,S.Q677H.Heron
223,3/27/2021,M,21,Seminole,TRUE,FALSE,FALSE,FALSE,S.S98F
224,12/6/2021,M,69,Apache,FALSE,FALSE,FALSE,FALSE,S.Y144-
225,3/20/2020,M,57,Yuman,TRUE,FALSE,TRUE,FALSE,S.V1122L
226,2/17/2021,F,63,Vietnamese,FALSE,FALSE,TRUE,TRUE,21J.Delta
227,7/6/2020,M,81,Mexican,FALSE,FALSE,FALSE,FALSE,Delta.ORF1a3059F
228,12/9/2020,F,88,Pakistani,TRUE,TRUE,FALSE,FALSE,20A.S.126A
229,4/21/2020,F,52,Houma,FALSE,TRUE,TRUE,TRUE,S.Y144-
230,12/13/2020,M,8,Polynesian,TRUE,TRUE,TRUE,TRUE,Delta.145H
231,11/5/2020,M,3,Central American,TRUE,TRUE,FALSE,TRUE,S.Q677H.Heron
232,6/11/2020,F,23,Asian,TRUE,FALSE,TRUE,FALSE,S.N501
233,8/29/2021,F,10,Native Hawaiian and Other Pacific Islander (NHPI),FALSE,TRUE,FALSE,TRUE,S.P681
234,4/28/2021,F,21,Native Hawaiian,FALSE,TRUE,TRUE,TRUE,S.T572
235,7/1/2020,M,23,Black or African American,TRUE,FALSE,FALSE,TRUE,20B.S.796H
236,10/2/2020,F,66,Apache,FALSE,FALSE,FALSE,TRUE,20I.Alpha.V1
237,12/20/2021,F,81,Ottawa,TRUE,TRUE,TRUE,FALSE,S.Q677H.Quail
238,6/16/2020,M,16,Delaware,TRUE,FALSE,FALSE,TRUE,20B.S.796H
239,10/18/2021,M,4,Tohono O'Odham,FALSE,FALSE,TRUE,FALSE,20J.Gamma.V3
240,11/3/2021,M,90,Delaware,FALSE,FALSE,FALSE,TRUE,S.H655
241,9/11/2021,F,80,Chippewa,TRUE,FALSE,TRUE,TRUE,S.Y144-
242,6/3/2021,M,65,Yuman,TRUE,FALSE,TRUE,FALSE,S.A222
243,5/27/2020,M,45,Colombian,TRUE,TRUE,TRUE,TRUE,S.Y145
244,1/24/2020,F,6,Pueblo,FALSE,FALSE,TRUE,TRUE,S.V1122L
245,1/1/2021,M,30,Peruvian,FALSE,TRUE,FALSE,TRUE,S.Q677
246,3/2/2021,M,7,Native Hawaiian,FALSE,TRUE,FALSE,TRUE,Delta.ORF1a3059F
247,10/20/2021,M,100,Tongan,TRUE,FALSE,FALSE,FALSE,21A.21B
248,8/21/2020,M,62,Black or African American,TRUE,FALSE,TRUE,FALSE,S.Y453F
249,1/13/2020,F,8,Thai,FALSE,FALSE,FALSE,FALSE,S.L18
250,5/18/2020,F,75,Bangladeshi,TRUE,TRUE,TRUE,TRUE,21H.Mu
251,1/17/2021,M,39,Pueblo,TRUE,FALSE,FALSE,FALSE,S.H655
252,12/20/2020,M,20,Japanese,TRUE,TRUE,FALSE,FALSE,20A.S.210T
253,9/5/2021,M,71,Melanesian,TRUE,TRUE,FALSE,FALSE,20B.S.796H
254,6/11/2020,M,43,Seminole,FALSE,FALSE,TRUE,FALSE,S.Q677P.Pelican
255,1/7/2020,F,37,Samoan,FALSE,FALSE,FALSE,FALSE,S.V1122L
256,4/26/2021,F,23,White,FALSE,TRUE,TRUE,TRUE,S.H655
257,11/30/2021,F,12,Tongan,TRUE,FALSE,FALSE,TRUE,S.A626S
258,1/16/2021,M,39,Ute,FALSE,TRUE,FALSE,FALSE,S.Q677H.Bluebird
259,2/9/2021,F,36,Seminole,TRUE,FALSE,TRUE,FALSE,21H.Mu
260,12/25/2020,M,99,Lumbee,FALSE,TRUE,TRUE,FALSE,Delta.299I
261,10/25/2020,M,23,Native Hawaiian and Other Pacific Islander (NHPI),TRUE,TRUE,TRUE,FALSE,S.Q677
262,9/11/2021,M,99,Polynesian,TRUE,FALSE,FALSE,FALSE,S.V1122L
263,11/12/2020,M,75,Bolivian,FALSE,FALSE,TRUE,FALSE,20H.Beta.V2
264,6/11/2021,M,7,Bangladeshi,TRUE,FALSE,FALSE,TRUE,S.H655
265,11/24/2021,M,25,Eskimo,FALSE,TRUE,TRUE,TRUE,21A.Delta
266,6/22/2020,M,4,Cree,TRUE,TRUE,TRUE,TRUE,20B.S.796H
267,3/6/2020,M,2,Cambodian,TRUE,FALSE,TRUE,TRUE,Delta.N.412R
268,3/13/2020,F,90,Argentinian,TRUE,FALSE,TRUE,FALSE,S.Q677
269,8/30/2021,M,29,Bolivian,FALSE,FALSE,TRUE,FALSE,S.S477
270,10/1/2020,M,94,Creek,FALSE,TRUE,TRUE,FALSE,21C.Epsilon
271,5/13/2020,F,38,Alaska Native,FALSE,TRUE,FALSE,FALSE,Delta.299I
272,12/21/2020,M,25,Chickasaw,FALSE,TRUE,FALSE,TRUE,Delta.250I
273,4/30/2020,F,53,Salvadoran,TRUE,FALSE,TRUE,TRUE,21I.Delta
274,11/27/2021,F,98,Thai,TRUE,TRUE,TRUE,TRUE,21J.Delta
275,1/3/2021,F,60,Hmong,FALSE,FALSE,TRUE,FALSE,20A.EU2
276,4/22/2021,F,26,Creek,TRUE,FALSE,TRUE,FALSE,20A.EU2
277,4/29/2021,M,56,Bolivian,FALSE,FALSE,FALSE,TRUE,S.V1122L
278,4/3/2021,F,66,Costa Rican,TRUE,TRUE,FALSE,TRUE,S.E484
279,10/4/2020,M,8,Cree,TRUE,FALSE,TRUE,TRUE,S.T572
280,9/27/2021,M,37,Nicaraguan,TRUE,FALSE,FALSE,TRUE,20H.Beta.V2
281,11/27/2020,F,24,Blackfeet,TRUE,FALSE,FALSE,TRUE,S.T572
282,10/29/2021,F,1,Sioux,TRUE,FALSE,TRUE,FALSE,S.Q677H.Heron
283,3/1/2020,F,37,Puget Sound Salish,TRUE,FALSE,FALSE,FALSE,S.S477
284,8/6/2020,F,28,Panamanian,FALSE,TRUE,TRUE,TRUE,S.Q677H.Quail
285,9/15/2020,M,94,Nicaraguan,TRUE,FALSE,TRUE,TRUE,S.S477
286,7/10/2020,M,5,Pueblo,FALSE,FALSE,TRUE,FALSE,S.Q677H.Bluebird
287,1/15/2021,M,71,Central American,FALSE,FALSE,FALSE,FALSE,20A.EU1
288,10/4/2020,M,24,Hmong,TRUE,TRUE,FALSE,FALSE,S.Y453F
289,9/7/2020,M,92,Potawatomi,FALSE,FALSE,TRUE,TRUE,21F.Iota
290,7/29/2021,M,85,Pueblo,FALSE,FALSE,TRUE,FALSE,S.Y453F
291,11/3/2020,M,91,Filipino,FALSE,TRUE,FALSE,FALSE,21D.Eta
292,8/10/2020,M,61,Ecuadorian,TRUE,FALSE,TRUE,TRUE,20H.Beta.V2
293,2/9/2020,M,81,Menominee,FALSE,FALSE,TRUE,FALSE,S.T572
294,12/11/2020,M,69,Bolivian,TRUE,TRUE,TRUE,FALSE,S.H655
295,5/7/2021,F,85,Navajo,TRUE,FALSE,FALSE,FALSE,S.T572
296,7/2/2020,F,39,Korean,FALSE,FALSE,FALSE,TRUE,S.H655
297,7/11/2021,M,82,Lumbee,TRUE,FALSE,TRUE,TRUE,S.H69-
298,6/22/2020,F,9,Tlingit-Haida,FALSE,FALSE,FALSE,FALSE,ORF1a.S3675
299,7/21/2021,M,84,Creek,FALSE,TRUE,FALSE,TRUE,S.P681
300,8/31/2021,M,5,Menominee,TRUE,TRUE,FALSE,TRUE,20A.EU2
301,12/25/2020,M,21,Menominee,TRUE,FALSE,FALSE,TRUE,S.Q677H.Quail
302,2/7/2020,M,26,Vietnamese,TRUE,TRUE,FALSE,FALSE,S.A222
303,5/30/2020,M,33,Menominee,FALSE,FALSE,TRUE,FALSE,S.Q677
304,5/16/2020,F,75,Korean,FALSE,TRUE,FALSE,FALSE,21I.Delta
305,12/7/2021,F,58,Lumbee,TRUE,FALSE,TRUE,TRUE,DanishCluster
306,12/24/2020,M,31,Native Hawaiian and Other Pacific Islander (NHPI),TRUE,TRUE,TRUE,FALSE,20A.S.126A
307,7/21/2021,F,88,Iroquois,TRUE,TRUE,FALSE,FALSE,21G.Lambda
308,10/27/2021,F,35,Iroquois,TRUE,TRUE,TRUE,FALSE,S.D80Y
309,12/19/2020,M,31,Cheyenne,TRUE,TRUE,TRUE,TRUE,20A.EU2
310,4/8/2020,F,19,Filipino,TRUE,TRUE,TRUE,FALSE,S.Q677
311,4/24/2021,F,74,Creek,FALSE,FALSE,TRUE,TRUE,S.L18
312,12/12/2021,M,35,Dominican (Dominican Republic),FALSE,TRUE,FALSE,FALSE,20B.S.732A
313,4/10/2021,M,85,Chilean,FALSE,FALSE,TRUE,TRUE,S.K417
314,5/9/2020,F,93,Japanese,TRUE,FALSE,FALSE,TRUE,S.Q677R.Roadrunner
315,9/14/2020,F,98,Dominican (Dominican Republic),TRUE,FALSE,FALSE,FALSE,S.Q677H.Heron
316,2/7/2021,F,43,Cherokee,TRUE,TRUE,TRUE,FALSE,21B.Kappa
317,4/25/2020,M,5,Delaware,FALSE,TRUE,TRUE,FALSE,S.S98F
318,2/17/2021,M,40,Indonesian,TRUE,FALSE,FALSE,TRUE,20A.S.210T
319,5/17/2021,M,85,Colombian,TRUE,TRUE,FALSE,FALSE,S.S477
320,11/15/2020,M,23,Latin American Indian,TRUE,TRUE,TRUE,FALSE,20I.Alpha.V1
321,8/18/2020,M,4,Polynesian,FALSE,FALSE,FALSE,FALSE,21K.Omicron
322,3/30/2020,F,84,Pakistani,TRUE,TRUE,TRUE,TRUE,21B.Kappa
323,11/15/2021,M,10,Chickasaw,TRUE,TRUE,TRUE,FALSE,Delta.145H
324,5/4/2021,F,32,Chippewa,TRUE,TRUE,TRUE,FALSE,20B.S.732A
325,11/17/2020,M,36,Asian Indian,TRUE,FALSE,FALSE,TRUE,S.P681
326,9/19/2020,M,40,South American,FALSE,TRUE,TRUE,TRUE,S.Q613
327,12/9/2020,F,73,Thai,FALSE,FALSE,FALSE,TRUE,S.T572
328,11/6/2020,F,45,Eskimo,FALSE,TRUE,TRUE,TRUE,20I.Alpha.V1
329,2/2/2020,F,12,Dominican (Dominican Republic),TRUE,FALSE,TRUE,FALSE,21C.Epsilon
330,10/17/2021,F,54,Chippewa,FALSE,FALSE,TRUE,TRUE,21A.Delta
331,7/16/2021,M,55,Hmong,TRUE,FALSE,TRUE,TRUE,21C.Epsilon
332,8/14/2020,M,19,Iroquois,FALSE,TRUE,TRUE,FALSE,20B.S.796H
333,11/3/2021,M,40,Cuban,TRUE,FALSE,FALSE,TRUE,S.Q613
334,4/9/2021,F,82,Bolivian,TRUE,TRUE,TRUE,FALSE,21H.Mu
335,4/25/2020,M,92,Tlingit-Haida,TRUE,TRUE,FALSE,TRUE,S.Q677P.Pelican
336,4/1/2020,F,4,Puget Sound Salish,TRUE,FALSE,FALSE,FALSE,S.N439K
337,5/13/2020,F,83,Puerto Rican,TRUE,FALSE,TRUE,TRUE,S.S98F
338,7/9/2020,F,91,Ecuadorian,TRUE,TRUE,TRUE,FALSE,S.Y144-
339,11/20/2020,M,97,Tohono O'Odham,FALSE,TRUE,FALSE,FALSE,Delta.145H
340,1/17/2020,M,30,Cuban,TRUE,FALSE,FALSE,TRUE,S.Q677
341,4/1/2021,F,81,Thai,FALSE,TRUE,TRUE,TRUE,20B.S.732A
342,8/24/2021,M,6,Cheyenne,TRUE,TRUE,FALSE,TRUE,21A.21B
343,7/3/2020,M,77,Lumbee,FALSE,TRUE,FALSE,TRUE,Delta.145H
344,3/7/2021,F,92,American Indian,TRUE,TRUE,FALSE,TRUE,21I.Delta
345,6/16/2021,F,54,Chippewa,FALSE,TRUE,FALSE,FALSE,S.Q677H.Robin1
346,8/7/2020,F,100,Taiwanese,TRUE,FALSE,TRUE,TRUE,20B.S.796H
347,2/10/2020,M,64,Bangladeshi,TRUE,TRUE,FALSE,TRUE,S.Q677H.Robin1
348,7/18/2020,M,39,Puerto Rican,TRUE,TRUE,TRUE,TRUE,20A.EU2
349,5/11/2021,F,19,Delaware,FALSE,FALSE,TRUE,TRUE,S.H69-
350,4/11/2021,M,14,Houma,FALSE,FALSE,FALSE,FALSE,S.L18
351,6/22/2021,F,63,Ecuadorian,FALSE,TRUE,TRUE,FALSE,21J.Delta
352,10/3/2021,M,94,Filipino,TRUE,FALSE,TRUE,FALSE,S.A626S
353,5/17/2020,F,88,Guamanian,FALSE,FALSE,TRUE,TRUE,S.Q677R.Roadrunner
354,9/10/2021,M,25,Taiwanese,FALSE,FALSE,TRUE,FALSE,20B.S.796H
355,3/17/2021,F,12,Shoshone,FALSE,TRUE,FALSE,TRUE,20A.EU1
356,7/6/2020,M,42,Asian,FALSE,TRUE,TRUE,FALSE,S.A222
357,7/8/2021,M,36,Chinese,TRUE,FALSE,FALSE,TRUE,20B.S.732A
358,5/20/2020,M,66,Choctaw,TRUE,TRUE,TRUE,FALSE,Delta.299I
359,5/24/2020,F,31,Venezuelan,TRUE,TRUE,TRUE,TRUE,21G.Lambda
360,7/25/2020,F,39,Indonesian,TRUE,FALSE,TRUE,TRUE,20A.S.126A
361,6/8/2021,M,14,Samoan,FALSE,TRUE,FALSE,FALSE,21J.Delta
362,10/3/2020,M,64,Potawatomi,FALSE,TRUE,FALSE,FALSE,S.Y145
363,9/30/2021,F,60,Navajo,TRUE,TRUE,TRUE,TRUE,S.Q613
364,9/20/2020,M,70,Filipino,TRUE,FALSE,TRUE,TRUE,S.Q677H.Yellowhammer
365,8/28/2021,F,72,Pima,TRUE,FALSE,TRUE,TRUE,S.Y145
366,3/8/2020,F,33,Mexican,FALSE,TRUE,TRUE,FALSE,S.N439K
367,9/8/2020,M,33,Melanesian,TRUE,FALSE,FALSE,TRUE,S.Q677H.Robin2
368,2/17/2020,M,33,Asian Indian,TRUE,TRUE,FALSE,TRUE,S.Q677H.Robin2
369,4/17/2020,F,70,Hmong,FALSE,TRUE,FALSE,TRUE,21I.Delta
370,3/31/2020,F,94,Asian,TRUE,FALSE,TRUE,TRUE,20B.S.732A
371,4/12/2020,M,59,Osage,TRUE,TRUE,TRUE,TRUE,21A.Delta.S.K417
372,4/30/2020,M,20,Osage,FALSE,TRUE,FALSE,FALSE,S.Q677H.Bluebird
373,12/24/2020,F,89,Asian Indian,TRUE,FALSE,TRUE,TRUE,20J.Gamma.V3
374,9/25/2021,M,10,Pueblo,TRUE,FALSE,TRUE,TRUE,21C.Epsilon
375,9/26/2020,F,38,Peruvian,TRUE,FALSE,TRUE,TRUE,21A.Delta
376,5/2/2020,M,36,Bangladeshi,FALSE,FALSE,FALSE,TRUE,ORF1a.S3675
377,3/1/2021,F,63,Navajo,FALSE,TRUE,FALSE,TRUE,Omicron Similar
378,11/18/2021,M,29,Houma,FALSE,FALSE,TRUE,FALSE,20B.S.732A
379,5/17/2020,F,25,Tongan,FALSE,TRUE,TRUE,TRUE,S.Q677H.Mockingbird
380,10/28/2021,M,75,Guamanian,TRUE,TRUE,FALSE,FALSE,21I.Delta
381,7/5/2020,F,84,Venezuelan,FALSE,FALSE,TRUE,TRUE,S.Q677H.Yellowhammer
382,4/15/2021,M,29,Yakama,TRUE,FALSE,TRUE,FALSE,S.Q677H.Mockingbird
383,8/23/2020,F,86,Pueblo,TRUE,FALSE,FALSE,FALSE,21H.Mu
384,11/15/2020,F,54,Sri Lankan,TRUE,FALSE,FALSE,FALSE,20J.Gamma.V3
385,12/21/2020,M,80,Asian Indian,TRUE,FALSE,TRUE,FALSE,S.H655
386,5/29/2020,F,74,Choctaw,TRUE,FALSE,FALSE,FALSE,21A.Delta
387,1/12/2020,M,71,Guatemalan,FALSE,FALSE,TRUE,FALSE,21C.Epsilon
388,1/4/2020,M,36,Asian,FALSE,TRUE,TRUE,FALSE,S.Q677H.Robin1
389,8/7/2021,F,20,Pueblo,TRUE,TRUE,TRUE,TRUE,S.L18
390,9/14/2020,F,47,Tohono O'Odham,TRUE,FALSE,TRUE,TRUE,20A.S.210T
391,1/8/2020,M,88,Ottawa,TRUE,TRUE,TRUE,FALSE,21J.Delta
392,3/15/2021,M,19,Osage,FALSE,TRUE,TRUE,FALSE,S.Q677H.Mockingbird
393,11/8/2020,F,2,Paiute,FALSE,TRUE,FALSE,FALSE,20I.Alpha.V1
394,12/15/2021,M,15,Mexican,FALSE,TRUE,FALSE,TRUE,S.N439K
395,6/21/2020,F,87,Comanche,FALSE,FALSE,FALSE,TRUE,20A.S.210T
396,7/4/2021,F,93,Fijian,FALSE,TRUE,TRUE,TRUE,S.Q677P.Pelican
397,8/31/2021,F,75,Central American,FALSE,TRUE,FALSE,TRUE,S.Q677H.Quail
398,4/30/2020,F,15,Native Hawaiian and Other Pacific Islander (NHPI),TRUE,FALSE,TRUE,FALSE,S.Q677H.Quail
399,10/30/2020,F,91,Comanche,FALSE,TRUE,TRUE,FALSE,20A.EU2
400,8/13/2020,M,57,Spaniard,TRUE,FALSE,TRUE,FALSE,21K.Omicron
401,5/27/2021,F,48,Osage,TRUE,TRUE,FALSE,TRUE,20A.S.126A
402,8/4/2021,F,12,South American,TRUE,TRUE,FALSE,TRUE,Delta.250I
403,8/24/2020,F,29,Bolivian,FALSE,FALSE,FALSE,FALSE,S.Y453F
404,5/14/2020,F,14,Mexican,FALSE,FALSE,FALSE,TRUE,Delta.145H
405,3/11/2021,M,49,Colombian,TRUE,FALSE,TRUE,TRUE,Delta.ORF1a3059F
406,12/14/2021,M,74,Chilean,FALSE,TRUE,TRUE,TRUE,21D.Eta
407,11/3/2020,F,26,Bangladeshi,TRUE,FALSE,TRUE,TRUE,S.S98F
408,4/28/2020,M,9,Seminole,FALSE,TRUE,FALSE,FALSE,S.Y453F
409,11/11/2021,F,85,Cherokee,FALSE,TRUE,FALSE,FALSE,S.N439K
410,10/28/2020,F,68,Central American,TRUE,TRUE,FALSE,FALSE,20B.S.796H
411,11/19/2021,M,1,Pakistani,FALSE,FALSE,FALSE,TRUE,S.Y453F
412,3/28/2020,F,85,Thai,FALSE,FALSE,FALSE,FALSE,S.S98F
413,12/12/2021,M,78,Thai,TRUE,FALSE,TRUE,FALSE,S.Q613
414,1/31/2020,M,8,American Indian and Alaska Native (AIAN),FALSE,TRUE,FALSE,FALSE,20I.Alpha.V1
415,11/8/2021,F,65,American Indian,TRUE,TRUE,TRUE,FALSE,S.Q677H.Bluebird
416,5/29/2021,M,83,Melanesian,TRUE,TRUE,FALSE,TRUE,S.L18
417,9/6/2020,M,74,Ottawa,FALSE,TRUE,TRUE,TRUE,Delta.ORF1a3059F
418,3/5/2020,M,53,Houma,FALSE,FALSE,TRUE,FALSE,S.H655
419,11/25/2020,M,77,Asian,FALSE,TRUE,FALSE,TRUE,S.Q677H.Robin2
420,8/29/2021,F,28,Japanese,TRUE,TRUE,FALSE,FALSE,S.A222
421,10/28/2020,F,25,Aleut,FALSE,FALSE,FALSE,TRUE,S.Q613
422,4/7/2021,F,60,Blackfeet,FALSE,FALSE,TRUE,TRUE,S.P681
423,3/23/2020,M,48,Seminole,FALSE,TRUE,FALSE,TRUE,20I.Alpha.V1
424,5/2/2020,M,86,Panamanian,TRUE,FALSE,FALSE,FALSE,S.K417
425,4/22/2020,M,3,Colombian,TRUE,TRUE,FALSE,TRUE,S.N439K
426,1/4/2020,F,22,Black or African American,TRUE,FALSE,FALSE,FALSE,S.V1122L
427,7/16/2020,F,49,Asian Indian,FALSE,TRUE,TRUE,TRUE,S.A626S
428,11/27/2021,M,37,Melanesian,FALSE,FALSE,TRUE,TRUE,21C.Epsilon
429,11/25/2021,M,84,Asian Indian,FALSE,TRUE,TRUE,TRUE,Delta.250I
430,5/31/2021,M,32,Malaysian,FALSE,FALSE,TRUE,FALSE,S.K417
431,7/30/2020,F,43,Central American,FALSE,FALSE,FALSE,FALSE,S.P681
432,1/24/2021,F,7,Dominican (Dominican Republic),FALSE,FALSE,FALSE,TRUE,21B.Kappa
433,10/29/2021,F,98,Pueblo,FALSE,TRUE,TRUE,TRUE,S.Q677H.Mockingbird
434,8/2/2020,M,56,Paiute,TRUE,FALSE,FALSE,FALSE,S.E484
435,12/30/2020,M,43,Creek,TRUE,TRUE,FALSE,TRUE,S.A222
436,11/4/2020,M,62,American Indian,FALSE,FALSE,TRUE,FALSE,DanishCluster
437,1/8/2021,M,45,Bangladeshi,TRUE,TRUE,TRUE,FALSE,S.N501
438,5/10/2021,M,37,Aleut,FALSE,FALSE,TRUE,TRUE,21A.21B
439,5/8/2020,F,68,Yuman,FALSE,FALSE,FALSE,TRUE,21A.21B
440,9/26/2021,M,2,Melanesian,FALSE,FALSE,TRUE,TRUE,20B.S.796H
441,10/12/2020,M,21,Comanche,FALSE,FALSE,FALSE,TRUE,S.Q677H.Heron
442,5/22/2021,M,45,Costa Rican,TRUE,FALSE,FALSE,TRUE,S.P681
443,6/21/2020,F,3,Spaniard,FALSE,FALSE,TRUE,FALSE,S.N501
444,5/27/2020,F,39,Chinese,TRUE,FALSE,TRUE,TRUE,21A.Delta.S.K417
445,4/3/2021,F,93,Filipino,TRUE,FALSE,TRUE,TRUE,S.P681
446,6/9/2020,F,45,Seminole,TRUE,FALSE,FALSE,FALSE,21A.Delta
447,7/22/2020,F,73,Cuban,TRUE,FALSE,TRUE,TRUE,S.K417
448,12/23/2020,F,3,Salvadoran,FALSE,FALSE,TRUE,FALSE,Delta.ORF1a3059F
449,1/30/2021,M,80,Cree,TRUE,TRUE,FALSE,FALSE,S.Q677P.Pelican
450,7/16/2020,F,1,Costa Rican,TRUE,TRUE,FALSE,TRUE,S.D80Y
451,9/16/2021,F,98,Puget Sound Salish,FALSE,FALSE,FALSE,FALSE,21J.Delta
452,12/20/2020,M,55,Creek,TRUE,TRUE,FALSE,TRUE,S.Q677H.Heron
453,3/7/2021,M,20,Delaware,TRUE,FALSE,FALSE,TRUE,S.Y144-
454,10/25/2020,F,14,Salvadoran,FALSE,TRUE,FALSE,FALSE,S.T572
455,2/22/2021,F,43,Native Hawaiian and Other Pacific Islander (NHPI),FALSE,TRUE,TRUE,TRUE,S.D80Y
456,6/9/2021,M,70,Japanese,FALSE,TRUE,FALSE,FALSE,S.Y145
457,10/3/2020,F,77,Venezuelan,TRUE,TRUE,FALSE,TRUE,20A.S.126A
458,12/20/2020,M,12,Chippewa,TRUE,TRUE,FALSE,FALSE,20A.EU1
459,4/30/2020,M,91,Pima,FALSE,FALSE,FALSE,FALSE,S.N501
460,3/6/2021,F,69,Asian,FALSE,TRUE,TRUE,FALSE,21D.Eta
461,8/3/2020,M,30,Shoshone,FALSE,TRUE,TRUE,FALSE,Delta.145H
462,3/11/2020,F,72,Blackfeet,FALSE,TRUE,FALSE,FALSE,21K.Omicron
463,4/19/2021,F,51,Korean,FALSE,FALSE,TRUE,TRUE,21A.Delta
464,8/27/2020,M,12,Chinese,TRUE,TRUE,TRUE,TRUE,S.Q677H.Mockingbird
465,1/27/2021,M,52,Filipino,FALSE,FALSE,FALSE,FALSE,21K.Omicron
466,9/22/2020,F,49,Yaqui,TRUE,TRUE,FALSE,FALSE,ORF1a.S3675
467,3/27/2021,F,28,Tohono O'Odham,FALSE,FALSE,TRUE,FALSE,20B.S.732A
468,5/26/2021,M,46,Pima,TRUE,TRUE,TRUE,TRUE,S.Q677H.Robin1
469,11/12/2021,M,28,Choctaw,FALSE,FALSE,FALSE,FALSE,Delta.145H
470,5/16/2020,M,23,Hmong,TRUE,FALSE,TRUE,TRUE,20I.Alpha.V1
471,8/27/2021,M,28,Alaska Native,FALSE,TRUE,FALSE,FALSE,S.Y453F
472,11/13/2020,F,4,Tohono O'Odham,TRUE,TRUE,FALSE,TRUE,S.Q677H.Mockingbird
473,5/23/2021,M,24,Aleut,TRUE,TRUE,TRUE,FALSE,S.Y145
474,4/7/2020,F,12,Samoan,TRUE,FALSE,TRUE,TRUE,Delta.ORF1a3059F
475,5/23/2021,M,51,Guamanian,FALSE,TRUE,TRUE,FALSE,S.N501
476,1/22/2020,M,61,Osage,TRUE,TRUE,FALSE,TRUE,20I.Alpha.V1
477,3/18/2021,F,44,Polynesian,TRUE,TRUE,TRUE,TRUE,20J.Gamma.V3
478,10/4/2021,F,78,Osage,TRUE,FALSE,FALSE,TRUE,21F.Iota
479,3/9/2020,F,55,Hmong,TRUE,FALSE,FALSE,FALSE,21D.Eta
480,1/5/2021,F,44,Comanche,TRUE,TRUE,FALSE,FALSE,S.Q677R.Roadrunner
481,9/19/2020,F,16,Shoshone,TRUE,TRUE,TRUE,TRUE,20H.Beta.V2
482,3/6/2020,F,10,Black or African American,FALSE,TRUE,TRUE,FALSE,Delta.250I
483,9/30/2021,F,68,Venezuelan,FALSE,TRUE,TRUE,TRUE,20H.Beta.V2
484,8/5/2021,M,5,Cheyenne,TRUE,FALSE,TRUE,TRUE,S.S477
485,5/16/2020,F,4,Comanche,TRUE,FALSE,TRUE,FALSE,21D.Eta
486,1/25/2020,F,47,Pueblo,TRUE,FALSE,FALSE,FALSE,DanishCluster
487,1/31/2020,F,54,Costa Rican,TRUE,TRUE,TRUE,TRUE,S.Y145
488,3/5/2020,M,21,Guatemalan,TRUE,FALSE,FALSE,FALSE,20A.EU1
489,3/9/2020,M,78,Vietnamese,FALSE,FALSE,TRUE,FALSE,20B.S.732A
490,9/30/2021,M,64,Alaska Native,TRUE,TRUE,FALSE,FALSE,S.Q677H.Robin2
491,7/17/2020,M,84,Puerto Rican,FALSE,TRUE,FALSE,TRUE,S.Q677H.Robin2
492,9/27/2021,F,9,Choctaw,FALSE,TRUE,FALSE,TRUE,S.Q677R.Roadrunner
493,3/1/2021,F,24,Osage,TRUE,FALSE,FALSE,TRUE,Delta.250I
494,8/13/2020,F,76,Micronesian,FALSE,FALSE,TRUE,TRUE,S.Q677H.Bluebird
495,10/1/2020,F,27,Crow,FALSE,TRUE,FALSE,TRUE,S.Y144-
496,11/29/2020,F,17,Native Hawaiian and Other Pacific Islander (NHPI),TRUE,FALSE,FALSE,FALSE,Delta.250I
497,1/15/2021,F,41,Chilean,TRUE,TRUE,FALSE,FALSE,S.L18
498,4/3/2021,M,60,Central American,FALSE,FALSE,FALSE,FALSE,S.Y144-
499,2/12/2021,M,46,Ute,FALSE,FALSE,TRUE,FALSE,Delta.250I
500,5/9/2021,F,94,Puerto Rican,FALSE,TRUE,FALSE,FALSE,21B.Kappa
501,7/14/2021,M,62,American Indian,FALSE,FALSE,FALSE,FALSE,21K.Omicron
502,2/13/2020,F,36,Yakama,TRUE,FALSE,TRUE,FALSE,Delta.ORF1a3059F
503,9/13/2021,F,90,Argentinian,FALSE,FALSE,TRUE,FALSE,ORF1a.S3675
504,1/22/2021,F,61,Chickasaw,TRUE,FALSE,FALSE,FALSE,S.Y453F
505,5/23/2021,M,97,Chamorro,FALSE,FALSE,FALSE,FALSE,S.Q677H.Robin2
506,2/11/2021,M,98,White,FALSE,TRUE,TRUE,TRUE,S.H69-
507,10/11/2021,M,11,Peruvian,FALSE,TRUE,TRUE,TRUE,Delta.299I
508,11/20/2021,F,19,Argentinian,FALSE,TRUE,TRUE,FALSE,21G.Lambda
509,4/27/2021,M,30,Colville,TRUE,FALSE,FALSE,FALSE,20A.S.126A
510,10/8/2020,M,35,Laotian,TRUE,FALSE,FALSE,TRUE,S.Q677H.Mockingbird
511,6/6/2021,F,7,Yakama,FALSE,TRUE,FALSE,FALSE,21A.Delta.S.K417
512,9/28/2020,M,12,Peruvian,FALSE,TRUE,TRUE,TRUE,S.Q677H.Mockingbird
513,8/2/2021,F,83,American Indian,FALSE,TRUE,TRUE,FALSE,S.V1122L
514,4/15/2021,M,36,American Indian and Alaska Native (AIAN),TRUE,FALSE,TRUE,FALSE,S.Q613
515,11/12/2021,M,19,Apache,TRUE,TRUE,TRUE,TRUE,S.T572
516,7/12/2021,M,5,Filipino,TRUE,FALSE,TRUE,FALSE,S.K417
517,1/9/2020,F,1,Alaskan Athabascan,TRUE,TRUE,TRUE,TRUE,ORF1a.S3675
518,1/30/2020,F,92,Pima,FALSE,FALSE,FALSE,FALSE,S.L18
519,5/11/2020,M,96,Comanche,TRUE,TRUE,FALSE,FALSE,S.H69-
520,7/2/2021,M,47,Native Hawaiian and Other Pacific Islander (NHPI),TRUE,FALSE,FALSE,FALSE,S.N501
521,2/16/2021,F,17,Delaware,TRUE,FALSE,TRUE,FALSE,DanishCluster
522,7/20/2021,M,33,Native Hawaiian and Other Pacific Islander (NHPI),FALSE,TRUE,TRUE,TRUE,Delta.ORF1a3059F
523,6/7/2021,M,18,Pima,FALSE,FALSE,TRUE,FALSE,21J.Delta
524,12/9/2020,M,31,Paraguayan,TRUE,TRUE,FALSE,TRUE,ORF1a.S3675
525,11/6/2020,F,25,Yakama,FALSE,TRUE,FALSE,TRUE,21A.Delta.S.K417
526,7/2/2021,F,51,Samoan,TRUE,FALSE,FALSE,TRUE,S.Y145
527,3/30/2021,M,78,Thai,FALSE,TRUE,FALSE,TRUE,Delta.145H
528,8/18/2020,F,14,Menominee,FALSE,FALSE,FALSE,FALSE,S.Q677R.Roadrunner
529,3/4/2021,F,60,Japanese,TRUE,FALSE,FALSE,FALSE,S.D80Y
530,5/19/2021,F,92,Melanesian,TRUE,TRUE,TRUE,TRUE,S.L18
531,2/13/2021,M,100,Tlingit-Haida,FALSE,TRUE,FALSE,FALSE,S.P681
532,2/25/2021,M,65,Pueblo,FALSE,TRUE,TRUE,TRUE,21H.Mu
533,1/14/2020,M,64,Peruvian,FALSE,TRUE,TRUE,FALSE,S.S98F
534,12/21/2021,M,72,American Indian and Alaska Native (AIAN),TRUE,TRUE,FALSE,FALSE,Delta.ORF1a3059F
535,9/29/2021,M,62,Mexican,TRUE,FALSE,TRUE,FALSE,21G.Lambda
536,3/29/2021,F,72,Nicaraguan,TRUE,TRUE,FALSE,TRUE,S.V1122L
537,3/27/2021,F,60,Houma,FALSE,TRUE,TRUE,TRUE,S.N439K
538,6/7/2020,M,53,Thai,TRUE,TRUE,TRUE,TRUE,S.V1122L
539,8/14/2020,F,19,Menominee,FALSE,FALSE,FALSE,FALSE,ORF1a.S3675
540,9/11/2020,M,73,Asian,FALSE,FALSE,FALSE,TRUE,20A.EU2
541,9/21/2021,F,54,Fijian,FALSE,TRUE,FALSE,TRUE,S.Q677H.Yellowhammer
542,12/10/2020,M,30,Paiute,TRUE,FALSE,TRUE,TRUE,20B.S.796H
543,2/23/2020,F,75,Apache,FALSE,TRUE,FALSE,TRUE,S.Q677H.Quail
544,7/31/2020,M,24,Nicaraguan,TRUE,FALSE,TRUE,FALSE,S.Q677H.Robin2
545,11/26/2020,M,6,Asian Indian,FALSE,FALSE,TRUE,TRUE,21I.Delta
546,10/21/2020,F,86,Lumbee,FALSE,TRUE,FALSE,FALSE,20I.Alpha.V1
547,3/16/2021,M,86,Sri Lankan,FALSE,TRUE,TRUE,TRUE,21D.Eta
548,9/27/2020,M,81,Bangladeshi,FALSE,TRUE,TRUE,FALSE,S.Q613
549,5/13/2021,M,69,Houma,TRUE,FALSE,FALSE,FALSE,20H.Beta.V2
550,6/12/2020,M,80,Cuban,FALSE,TRUE,TRUE,TRUE,S.N501
551,10/16/2021,M,82,Argentinian,FALSE,TRUE,TRUE,TRUE,S.N439K
552,2/22/2020,F,60,Paraguayan,TRUE,TRUE,TRUE,TRUE,21A.Delta
553,11/4/2021,F,62,Japanese,FALSE,TRUE,FALSE,TRUE,S.Y453F
554,1/16/2021,F,36,Fijian,FALSE,FALSE,TRUE,TRUE,20A.EU2
555,12/10/2021,F,81,Paraguayan,TRUE,FALSE,TRUE,FALSE,DanishCluster
556,10/12/2020,F,40,Comanche,TRUE,TRUE,FALSE,TRUE,S.Q677H.Yellowhammer
557,8/13/2021,M,11,Asian,FALSE,TRUE,TRUE,FALSE,S.Q677H.Yellowhammer
558,1/10/2021,F,85,Micronesian,TRUE,FALSE,FALSE,FALSE,DanishCluster
559,1/1/2020,F,39,Hmong,TRUE,FALSE,FALSE,FALSE,20A.EU1
560,10/8/2020,F,76,Taiwanese,TRUE,FALSE,FALSE,TRUE,S.Q677H.Yellowhammer
561,3/25/2020,F,25,Colombian,FALSE,TRUE,FALSE,TRUE,21A.Delta.S.K417
562,3/31/2020,M,95,Chinese,FALSE,FALSE,FALSE,TRUE,21C.Epsilon
563,3/22/2020,M,79,Samoan,FALSE,FALSE,TRUE,FALSE,S.Q677
564,6/20/2020,M,46,Samoan,FALSE,FALSE,TRUE,FALSE,S.Q677H.Robin1
565,6/29/2021,M,45,Ecuadorian,FALSE,FALSE,FALSE,TRUE,20H.Beta.V2
566,3/8/2020,F,18,Houma,FALSE,TRUE,TRUE,TRUE,S.Q677H.Bluebird
567,10/26/2020,F,93,Cambodian,FALSE,FALSE,FALSE,FALSE,S.Q677
568,1/7/2021,M,81,Laotian,FALSE,FALSE,FALSE,FALSE,Omicron Similar
569,1/20/2021,F,25,Paraguayan,TRUE,FALSE,TRUE,TRUE,20I.Alpha.V1
570,3/22/2020,M,59,Bolivian,TRUE,FALSE,FALSE,TRUE,S.P681
571,4/16/2020,F,78,Navajo,TRUE,TRUE,FALSE,TRUE,S.Y144-
572,1/13/2021,F,54,Bangladeshi,FALSE,FALSE,FALSE,FALSE,21A.21B
573,3/19/2020,F,67,Uruguayan,TRUE,TRUE,FALSE,TRUE,S.H69-
574,4/8/2020,F,5,Fijian,TRUE,TRUE,TRUE,TRUE,S.P681
575,7/2/2020,F,73,American Indian and Alaska Native (AIAN),FALSE,FALSE,TRUE,FALSE,21G.Lambda
576,10/26/2021,M,68,Aleut,FALSE,FALSE,FALSE,TRUE,ORF1a.S3675
577,6/11/2021,F,8,Melanesian,TRUE,TRUE,FALSE,TRUE,20I.Alpha.V1
578,5/9/2021,M,15,South American,FALSE,TRUE,FALSE,FALSE,S.Q677H.Mockingbird
579,2/21/2021,M,31,Hmong,TRUE,TRUE,FALSE,FALSE,Delta.ORF1a3059F
580,9/16/2021,M,59,Blackfeet,TRUE,TRUE,TRUE,FALSE,S.Q613
581,10/7/2021,F,14,Yaqui,FALSE,TRUE,TRUE,TRUE,S.H655
582,1/14/2020,M,72,Lumbee,TRUE,FALSE,TRUE,TRUE,21D.Eta
583,12/9/2020,F,42,Choctaw,FALSE,TRUE,TRUE,TRUE,S.Q677H.Quail
584,2/16/2021,F,70,Mexican,FALSE,TRUE,FALSE,TRUE,Delta.145H
585,6/25/2020,F,62,Taiwanese,TRUE,TRUE,TRUE,FALSE,S.Q677H.Heron
586,12/19/2020,M,16,Kiowa,TRUE,FALSE,FALSE,TRUE,S.Q677H.Robin2
587,7/17/2021,M,64,Latin American Indian,TRUE,FALSE,TRUE,FALSE,S.N439K
588,9/11/2020,F,59,Paiute,TRUE,TRUE,TRUE,FALSE,S.T572
589,6/12/2021,F,64,Melanesian,TRUE,FALSE,TRUE,TRUE,21A.Delta
590,3/27/2020,F,49,Osage,TRUE,TRUE,FALSE,FALSE,20J.Gamma.V3
591,12/6/2020,F,22,Spaniard,FALSE,FALSE,FALSE,FALSE,S.P681
592,7/28/2021,M,76,Creek,FALSE,TRUE,FALSE,FALSE,S.S477
593,11/2/2021,M,49,Eskimo,TRUE,TRUE,TRUE,FALSE,21G.Lambda
594,5/28/2021,F,44,Central American,FALSE,TRUE,TRUE,FALSE,Delta.250I
595,3/9/2021,M,48,Vietnamese,FALSE,TRUE,FALSE,FALSE,S.Q677H.Robin1
596,11/8/2021,M,31,Fijian,TRUE,TRUE,TRUE,TRUE,21A.Delta
597,1/31/2020,F,75,Apache,FALSE,TRUE,TRUE,FALSE,21B.Kappa
598,11/25/2020,M,23,Choctaw,TRUE,FALSE,TRUE,TRUE,21A.21B
599,2/1/2020,M,12,Hmong,TRUE,TRUE,FALSE,TRUE,Delta.145H
600,8/29/2021,F,86,Tlingit-Haida,FALSE,FALSE,FALSE,FALSE,Delta.ORF1a3059F
601,12/12/2021,M,75,White,FALSE,TRUE,TRUE,FALSE,20A.S.126A
602,6/19/2021,M,26,Panamanian,TRUE,FALSE,FALSE,FALSE,S.S98F
603,4/8/2021,M,17,American Indian and Alaska Native (AIAN),FALSE,FALSE,FALSE,FALSE,S.Q613
604,4/20/2021,M,100,Chilean,TRUE,TRUE,TRUE,TRUE,S.Y145
605,5/24/2020,M,53,Tlingit-Haida,FALSE,FALSE,FALSE,FALSE,20B.S.732A
606,4/7/2021,F,62,Colville,TRUE,TRUE,FALSE,FALSE,20A.S.210T
607,6/2/2021,M,20,Yakama,FALSE,TRUE,FALSE,TRUE,S.V1122L
608,11/12/2021,M,76,Thai,TRUE,FALSE,FALSE,TRUE,S.S98F
609,9/29/2021,F,83,Sioux,FALSE,TRUE,FALSE,FALSE,21K.Omicron
610,3/18/2021,M,54,Spaniard,FALSE,TRUE,TRUE,TRUE,20H.Beta.V2
611,6/5/2021,F,89,Tohono O'Odham,TRUE,TRUE,TRUE,FALSE,DanishCluster
612,6/23/2021,M,39,Tlingit-Haida,TRUE,FALSE,FALSE,FALSE,20B.S.732A
613,3/2/2020,M,64,Houma,TRUE,TRUE,FALSE,FALSE,21A.Delta
614,4/11/2021,M,47,Blackfeet,TRUE,FALSE,FALSE,FALSE,20A.EU2
615,9/7/2020,M,29,Laotian,TRUE,TRUE,TRUE,FALSE,21A.21B
616,5/19/2020,M,93,Sioux,TRUE,FALSE,TRUE,TRUE,20H.Beta.V2
617,10/18/2021,M,10,Honduran,TRUE,TRUE,FALSE,FALSE,Delta.ORF1a3059F
618,1/6/2021,M,38,Salvadoran,TRUE,FALSE,FALSE,FALSE,20I.Alpha.V1
619,2/7/2021,F,80,Laotian,FALSE,TRUE,TRUE,FALSE,20B.S.796H
620,10/31/2021,F,81,Yaqui,FALSE,FALSE,TRUE,TRUE,S.A626S
621,6/11/2021,F,83,Alaska Native,FALSE,TRUE,TRUE,TRUE,21C.Epsilon
622,11/1/2020,F,34,Colombian,FALSE,FALSE,TRUE,TRUE,S.Q677H.Mockingbird
623,8/25/2020,M,25,Ute,FALSE,FALSE,FALSE,TRUE,S.Y144-
624,2/3/2021,F,49,Mexican,TRUE,TRUE,FALSE,TRUE,S.Q677
625,5/9/2021,F,67,Cheyenne,FALSE,FALSE,FALSE,FALSE,21K.Omicron
626,10/29/2020,F,64,Iroquois,FALSE,TRUE,TRUE,FALSE,20A.S.210T
627,10/3/2021,M,69,Thai,TRUE,TRUE,TRUE,FALSE,S.Q677H.Robin2
628,3/12/2021,F,16,Salvadoran,FALSE,FALSE,TRUE,TRUE,S.H69-
629,12/27/2021,M,62,Cherokee,FALSE,TRUE,TRUE,FALSE,S.Q677H.Robin2
630,6/10/2020,M,40,White,FALSE,FALSE,TRUE,TRUE,S.N501
631,2/6/2021,M,86,American Indian and Alaska Native (AIAN),FALSE,TRUE,TRUE,FALSE,21H.Mu
632,12/3/2021,M,59,Japanese,TRUE,FALSE,TRUE,FALSE,Delta.145H
633,7/23/2021,F,99,Malaysian,FALSE,TRUE,TRUE,FALSE,S.Y144-
634,4/6/2021,F,10,White,FALSE,TRUE,FALSE,FALSE,DanishCluster
635,9/22/2020,M,94,Cree,FALSE,FALSE,FALSE,TRUE,Delta.299I
636,12/7/2020,F,1,Puerto Rican,FALSE,TRUE,FALSE,FALSE,S.N501
637,8/6/2021,M,81,Filipino,TRUE,TRUE,FALSE,TRUE,S.D80Y
638,3/6/2020,M,65,Fijian,FALSE,TRUE,TRUE,TRUE,S.Q677H.Bluebird
639,2/14/2020,M,81,Guamanian,TRUE,TRUE,TRUE,TRUE,S.Q677H.Mockingbird
640,12/25/2020,F,94,Tlingit-Haida,FALSE,FALSE,FALSE,FALSE,21B.Kappa
641,3/20/2020,M,62,Mexican,FALSE,FALSE,FALSE,FALSE,Delta.250I
642,5/10/2021,M,78,Puerto Rican,TRUE,TRUE,FALSE,FALSE,20B.S.796H
643,8/3/2020,F,3,Nicaraguan,TRUE,TRUE,FALSE,FALSE,S.Q677H.Bluebird
644,5/27/2020,M,70,Yakama,FALSE,TRUE,TRUE,FALSE,S.Q677H.Quail
645,8/8/2021,M,56,Puget Sound Salish,TRUE,FALSE,FALSE,FALSE,S.N501
646,12/8/2020,M,51,Cree,FALSE,TRUE,TRUE,FALSE,21D.Eta
647,4/24/2020,M,93,Iroquois,FALSE,TRUE,TRUE,TRUE,S.Q677H.Mockingbird
648,12/16/2020,F,41,Hmong,FALSE,FALSE,FALSE,TRUE,S.P681
649,10/30/2020,F,19,Native Hawaiian,FALSE,FALSE,TRUE,FALSE,ORF1a.S3675
650,2/15/2020,F,20,Pueblo,FALSE,FALSE,FALSE,FALSE,S.V1122L
651,11/6/2020,M,59,Lumbee,TRUE,FALSE,FALSE,FALSE,S.Q677H.Heron
652,7/4/2021,M,79,Chilean,TRUE,FALSE,FALSE,FALSE,S.A626S
653,8/20/2021,F,99,Chilean,TRUE,TRUE,FALSE,FALSE,S.A626S
654,6/20/2020,F,60,Asian Indian,FALSE,FALSE,TRUE,TRUE,S.Q677H.Mockingbird
655,6/24/2020,F,65,Black or African American,TRUE,TRUE,TRUE,FALSE,Delta.N.412R
656,11/23/2021,M,18,Menominee,FALSE,FALSE,TRUE,FALSE,DanishCluster
657,9/7/2021,M,53,Delaware,FALSE,TRUE,FALSE,TRUE,S.S98F
658,7/26/2020,F,60,American Indian and Alaska Native (AIAN),FALSE,FALSE,FALSE,TRUE,S.A626S
659,11/28/2020,M,2,Cambodian,FALSE,FALSE,TRUE,FALSE,Delta.ORF1a3059F
660,1/6/2020,F,64,Cherokee,TRUE,TRUE,TRUE,FALSE,21B.Kappa
661,4/2/2021,F,89,Tlingit-Haida,TRUE,FALSE,TRUE,FALSE,S.Q677H.Robin1
662,11/5/2021,F,51,Eskimo,TRUE,FALSE,TRUE,TRUE,Omicron Similar
663,4/16/2020,M,3,Alaska Native,FALSE,TRUE,TRUE,TRUE,S.Q677H.Mockingbird
664,11/27/2021,M,3,Kiowa,TRUE,TRUE,FALSE,TRUE,S.E484
665,8/22/2021,M,81,Laotian,TRUE,FALSE,FALSE,TRUE,S.K417
666,10/4/2021,F,53,Chippewa,TRUE,TRUE,TRUE,TRUE,S.N501
667,2/20/2021,F,62,Kiowa,TRUE,TRUE,TRUE,TRUE,S.Q677
668,12/26/2020,M,46,Eskimo,FALSE,FALSE,FALSE,TRUE,20A.EU1
669,12/12/2021,M,91,Venezuelan,FALSE,FALSE,TRUE,FALSE,S.E484
670,12/19/2021,F,8,Potawatomi,FALSE,TRUE,TRUE,TRUE,S.K417
671,6/13/2020,F,23,Seminole,FALSE,TRUE,FALSE,FALSE,20I.Alpha.V1
672,5/14/2020,M,93,Yuman,TRUE,FALSE,FALSE,TRUE,20A.S.126A
673,11/6/2020,F,64,Costa Rican,TRUE,TRUE,TRUE,FALSE,Delta.ORF1a3059F
674,11/30/2021,F,70,Chinese,TRUE,TRUE,FALSE,FALSE,20B.S.732A
675,1/28/2020,M,31,American Indian,FALSE,TRUE,TRUE,FALSE,21H.Mu
676,7/12/2021,M,66,Cherokee,FALSE,FALSE,FALSE,FALSE,Delta.ORF1a3059F
677,7/25/2020,M,25,Chamorro,FALSE,TRUE,FALSE,TRUE,21A.Delta
678,1/1/2020,M,95,Yuman,FALSE,TRUE,FALSE,FALSE,Delta.299I
679,10/22/2021,M,81,Cuban,FALSE,FALSE,TRUE,FALSE,21B.Kappa
680,7/15/2020,M,68,Potawatomi,TRUE,FALSE,FALSE,TRUE,S.Q677P.Pelican
681,11/4/2020,F,77,Shoshone,FALSE,FALSE,FALSE,TRUE,20A.EU1
682,3/11/2020,F,35,Houma,TRUE,FALSE,FALSE,TRUE,S.Q677P.Pelican
683,8/30/2020,M,78,Comanche,TRUE,TRUE,TRUE,TRUE,Delta.145H
684,12/3/2020,M,27,Korean,FALSE,TRUE,TRUE,TRUE,ORF1a.S3675
685,4/13/2020,F,5,Tongan,FALSE,FALSE,FALSE,TRUE,S.A626S
686,10/8/2020,F,93,Sioux,FALSE,FALSE,FALSE,TRUE,S.S98F
687,5/17/2021,F,45,Argentinian,TRUE,FALSE,TRUE,TRUE,21B.Kappa
688,4/25/2021,F,40,Micronesian,FALSE,FALSE,FALSE,FALSE,S.V1122L
689,8/8/2020,F,99,Puerto Rican,FALSE,FALSE,FALSE,TRUE,S.D80Y
690,1/10/2021,M,19,Kiowa,TRUE,FALSE,TRUE,FALSE,21G.Lambda
691,5/18/2021,M,100,Aleut,FALSE,TRUE,TRUE,FALSE,S.S477
692,11/16/2021,M,74,Thai,TRUE,FALSE,FALSE,TRUE,S.Y145
693,8/15/2020,M,30,Tohono O'Odham,TRUE,FALSE,FALSE,TRUE,20A.S.126A
694,2/26/2021,F,15,Eskimo,FALSE,FALSE,FALSE,FALSE,S.H655
695,11/3/2020,F,49,Pakistani,FALSE,FALSE,TRUE,FALSE,S.K417
696,2/14/2020,F,17,Pueblo,FALSE,FALSE,TRUE,TRUE,21B.Kappa
697,8/27/2021,F,51,Fijian,FALSE,TRUE,TRUE,TRUE,21J.Delta
698,3/30/2021,F,69,Ute,TRUE,TRUE,FALSE,FALSE,Delta.N.412R
699,4/15/2021,M,59,Chinese,FALSE,TRUE,FALSE,TRUE,S.A626S
700,4/8/2020,M,42,Samoan,FALSE,FALSE,FALSE,FALSE,S.D80Y
701,9/11/2020,M,34,Central American,TRUE,TRUE,TRUE,TRUE,S.S477
702,6/15/2020,M,11,Alaskan Athabascan,FALSE,FALSE,FALSE,FALSE,S.P681
703,7/16/2021,F,78,Chilean,TRUE,FALSE,TRUE,TRUE,20H.Beta.V2
704,2/10/2021,M,36,Seminole,TRUE,FALSE,TRUE,FALSE,20I.Alpha.V1
705,4/3/2021,F,63,Sioux,TRUE,FALSE,FALSE,TRUE,S.Q677H.Bluebird
706,1/8/2021,F,64,Yaqui,FALSE,FALSE,FALSE,FALSE,S.S477
707,11/12/2021,M,45,Cree,TRUE,TRUE,TRUE,FALSE,S.Y145
708,4/2/2020,M,24,Alaskan Athabascan,FALSE,FALSE,FALSE,TRUE,Delta.145H
709,5/16/2020,M,74,Guamanian,FALSE,FALSE,TRUE,FALSE,21C.Epsilon
710,11/29/2021,M,16,Mexican,FALSE,FALSE,FALSE,FALSE,S.Q677R.Roadrunner
711,2/19/2020,F,22,Seminole,TRUE,FALSE,FALSE,FALSE,S.Q677H.Robin2
712,11/5/2020,M,86,Ute,FALSE,FALSE,TRUE,TRUE,S.L18
713,1/16/2020,F,12,Argentinian,FALSE,TRUE,TRUE,FALSE,DanishCluster
714,5/18/2020,M,70,Samoan,TRUE,TRUE,FALSE,FALSE,S.Y145
715,5/2/2020,M,31,Choctaw,FALSE,TRUE,FALSE,FALSE,S.N501
716,1/14/2020,M,43,Crow,FALSE,TRUE,TRUE,TRUE,S.Q677H.Heron
717,5/19/2020,M,69,Polynesian,TRUE,TRUE,TRUE,FALSE,S.Q613
718,6/14/2020,M,36,Peruvian,TRUE,FALSE,TRUE,FALSE,Delta.145H
719,3/26/2020,M,87,Cherokee,FALSE,FALSE,FALSE,FALSE,S.T572
720,5/3/2021,F,62,Yakama,FALSE,FALSE,TRUE,FALSE,S.Q677
721,1/11/2021,F,51,American Indian and Alaska Native (AIAN),TRUE,FALSE,FALSE,TRUE,S.Y453F
722,5/31/2021,F,9,Ottawa,TRUE,FALSE,TRUE,FALSE,20H.Beta.V2
723,4/27/2021,F,87,Pakistani,TRUE,FALSE,TRUE,TRUE,21C.Epsilon
724,8/19/2020,F,50,Osage,TRUE,TRUE,TRUE,TRUE,S.D80Y
725,1/11/2021,M,26,Colville,FALSE,FALSE,FALSE,TRUE,S.Q677H.Yellowhammer
726,3/18/2020,M,85,Tongan,TRUE,TRUE,FALSE,FALSE,Delta.145H
727,7/20/2020,M,33,Bolivian,FALSE,FALSE,FALSE,TRUE,21A.Delta
728,10/1/2020,F,47,Taiwanese,FALSE,TRUE,FALSE,TRUE,S.Q677H.Bluebird
729,7/2/2021,M,6,Puerto Rican,FALSE,TRUE,TRUE,FALSE,S.Q677H.Yellowhammer
730,6/3/2020,M,54,Uruguayan,FALSE,FALSE,TRUE,FALSE,S.Q677
731,3/7/2020,F,3,Menominee,FALSE,FALSE,FALSE,FALSE,21C.Epsilon
732,6/30/2020,F,55,Iroquois,FALSE,TRUE,TRUE,TRUE,DanishCluster
733,12/12/2021,F,6,Chilean,FALSE,TRUE,FALSE,FALSE,S.Y453F
734,2/7/2021,F,46,Cheyenne,TRUE,FALSE,FALSE,TRUE,S.Q677H.Robin2
735,6/13/2021,M,85,Nicaraguan,FALSE,TRUE,FALSE,FALSE,21B.Kappa
736,10/24/2020,F,50,Yaqui,TRUE,TRUE,FALSE,FALSE,20I.Alpha.V1
737,10/10/2020,M,24,Navajo,TRUE,FALSE,TRUE,TRUE,S.Y453F
738,8/20/2021,M,25,Indonesian,TRUE,TRUE,TRUE,TRUE,21I.Delta
739,7/22/2020,M,33,Pakistani,FALSE,FALSE,FALSE,FALSE,DanishCluster
740,7/7/2020,M,3,Sioux,FALSE,FALSE,FALSE,FALSE,21A.Delta
741,1/16/2020,M,73,Chippewa,FALSE,TRUE,TRUE,FALSE,S.K417
742,2/13/2021,M,72,Asian Indian,FALSE,TRUE,FALSE,TRUE,20A.S.210T
743,1/15/2021,F,24,Asian Indian,FALSE,FALSE,FALSE,FALSE,S.Y144-
744,4/22/2021,F,39,Ecuadorian,TRUE,FALSE,TRUE,FALSE,S.Y145
745,6/18/2020,M,15,Iroquois,FALSE,TRUE,TRUE,TRUE,S.Q677P.Pelican
746,3/16/2021,M,53,Cambodian,TRUE,FALSE,TRUE,FALSE,Omicron Similar
747,3/29/2021,M,43,Iroquois,TRUE,TRUE,TRUE,FALSE,21C.Epsilon
748,6/22/2020,F,86,Sri Lankan,TRUE,FALSE,FALSE,TRUE,21K.Omicron
749,2/16/2020,F,24,Peruvian,TRUE,TRUE,FALSE,FALSE,S.Q677H.Quail
750,12/12/2021,F,87,Puerto Rican,TRUE,FALSE,TRUE,TRUE,S.Q677H.Heron
751,8/17/2020,M,49,Apache,FALSE,TRUE,TRUE,TRUE,S.Q677
752,11/8/2020,M,41,Hmong,FALSE,FALSE,TRUE,FALSE,S.T572
753,9/12/2021,M,94,Blackfeet,FALSE,TRUE,TRUE,TRUE,S.L18
754,12/11/2021,M,24,Bangladeshi,TRUE,TRUE,FALSE,TRUE,S.N439K
755,6/6/2020,F,59,Vietnamese,TRUE,TRUE,FALSE,FALSE,S.H69-
756,9/10/2021,M,22,Black or African American,TRUE,FALSE,FALSE,TRUE,21I.Delta
757,7/18/2021,F,10,Pakistani,FALSE,TRUE,FALSE,TRUE,S.Y145
758,1/3/2021,F,41,Lumbee,TRUE,FALSE,FALSE,FALSE,S.V1122L
759,5/8/2020,F,11,Peruvian,TRUE,FALSE,TRUE,FALSE,S.Q677
760,12/20/2021,M,43,Korean,FALSE,FALSE,FALSE,TRUE,S.Q677H.Bluebird
761,8/20/2021,F,80,Crow,TRUE,TRUE,FALSE,TRUE,S.H655
762,10/18/2020,F,29,Dominican (Dominican Republic),TRUE,FALSE,FALSE,FALSE,21I.Delta
763,2/23/2020,F,46,Ecuadorian,FALSE,TRUE,TRUE,FALSE,21K.Omicron
764,9/22/2020,F,86,Puerto Rican,FALSE,FALSE,TRUE,FALSE,S.Q677H.Mockingbird
765,10/7/2020,M,11,Iroquois,TRUE,TRUE,TRUE,TRUE,S.A222
766,2/5/2020,F,75,Puerto Rican,FALSE,FALSE,FALSE,FALSE,20A.EU1
767,12/10/2021,F,39,Thai,FALSE,TRUE,TRUE,TRUE,S.Q677H.Yellowhammer
768,11/11/2021,F,67,Nicaraguan,FALSE,FALSE,TRUE,FALSE,21A.Delta.S.K417
769,4/22/2020,M,79,Korean,TRUE,FALSE,FALSE,FALSE,21H.Mu
770,11/29/2021,M,54,Aleut,FALSE,FALSE,FALSE,TRUE,S.S477
771,7/20/2020,M,47,Hmong,FALSE,TRUE,FALSE,FALSE,Delta.250I
772,8/11/2020,F,65,Polynesian,TRUE,FALSE,FALSE,FALSE,21K.Omicron
773,4/24/2020,F,18,Puerto Rican,TRUE,FALSE,TRUE,TRUE,S.Q677H.Quail
774,11/27/2020,F,46,Black or African American,TRUE,FALSE,FALSE,FALSE,S.Q677H.Mockingbird
775,7/12/2020,M,34,Kiowa,TRUE,TRUE,FALSE,TRUE,Delta.145H
776,10/14/2020,M,70,Malaysian,FALSE,FALSE,TRUE,TRUE,Delta.250I
777,6/2/2020,M,9,Cambodian,TRUE,FALSE,TRUE,TRUE,21C.Epsilon
778,9/22/2021,M,85,Ottawa,FALSE,TRUE,TRUE,FALSE,S.S477
779,12/2/2020,F,24,Peruvian,FALSE,FALSE,FALSE,TRUE,Delta.ORF1a3059F
780,1/10/2021,F,80,American Indian,FALSE,FALSE,FALSE,TRUE,S.N501
781,12/8/2020,M,7,Cree,TRUE,FALSE,TRUE,TRUE,S.E484
782,11/27/2021,F,26,Chinese,TRUE,TRUE,TRUE,FALSE,S.N439K
783,8/18/2021,F,25,Cheyenne,FALSE,FALSE,FALSE,TRUE,S.S98F
784,12/2/2021,F,11,Micronesian,FALSE,FALSE,TRUE,FALSE,21F.Iota
785,10/26/2020,M,45,Fijian,TRUE,FALSE,FALSE,FALSE,20A.EU1
786,7/15/2021,M,12,Creek,FALSE,FALSE,FALSE,TRUE,Delta.250I
787,9/18/2020,F,69,Creek,FALSE,TRUE,TRUE,FALSE,S.A222
788,7/14/2021,F,80,Choctaw,FALSE,TRUE,FALSE,FALSE,20A.S.126A
789,6/21/2020,M,73,Indonesian,FALSE,TRUE,FALSE,FALSE,S.H69-
790,9/14/2020,M,72,Colville,TRUE,FALSE,TRUE,TRUE,S.Q677H.Robin2
791,10/28/2020,F,32,Thai,FALSE,TRUE,FALSE,TRUE,S.Y145
792,2/7/2020,F,83,Delaware,TRUE,FALSE,TRUE,FALSE,21B.Kappa
793,8/6/2021,M,66,Venezuelan,FALSE,TRUE,FALSE,FALSE,S.S477
794,10/13/2021,F,86,Dominican (Dominican Republic),TRUE,FALSE,FALSE,TRUE,S.Q677H.Mockingbird
795,1/11/2021,M,38,Tongan,FALSE,FALSE,FALSE,FALSE,S.Y144-
796,4/20/2021,M,61,Laotian,FALSE,FALSE,TRUE,FALSE,S.A626S
797,1/18/2020,M,26,Salvadoran,TRUE,FALSE,TRUE,TRUE,20A.S.210T
798,11/30/2021,F,69,Fijian,FALSE,TRUE,FALSE,FALSE,S.Y145
799,2/6/2021,F,56,Eskimo,FALSE,FALSE,TRUE,FALSE,S.Q677R.Roadrunner
800,2/4/2021,F,71,Bolivian,TRUE,TRUE,TRUE,FALSE,S.N501
801,3/11/2021,M,53,Houma,FALSE,FALSE,FALSE,FALSE,S.A626S
802,11/26/2021,M,28,Navajo,FALSE,TRUE,FALSE,FALSE,20A.S.126A
803,8/14/2020,M,8,Dominican (Dominican Republic),FALSE,FALSE,TRUE,FALSE,Delta.250I
804,7/17/2020,F,84,Lumbee,FALSE,FALSE,FALSE,FALSE,S.D80Y
805,12/30/2020,M,33,Fijian,TRUE,TRUE,FALSE,FALSE,21I.Delta
806,5/2/2021,F,92,Spaniard,TRUE,TRUE,TRUE,TRUE,21F.Iota
807,10/25/2021,F,80,Sioux,FALSE,TRUE,FALSE,TRUE,S.Y145
808,7/17/2021,F,74,Apache,FALSE,FALSE,TRUE,FALSE,S.Q677
809,12/21/2021,F,6,Sri Lankan,FALSE,TRUE,TRUE,FALSE,21J.Delta
810,4/27/2021,F,66,Creek,FALSE,TRUE,TRUE,FALSE,21G.Lambda
811,12/9/2021,F,19,Black or African American,TRUE,TRUE,FALSE,FALSE,ORF1a.S3675
812,3/17/2020,F,69,Laotian,FALSE,TRUE,FALSE,TRUE,S.Q677
813,10/15/2020,F,21,Fijian,TRUE,FALSE,TRUE,FALSE,21F.Iota
814,1/17/2021,M,65,Shoshone,TRUE,TRUE,TRUE,TRUE,ORF1a.S3675
815,4/2/2021,F,69,Chickasaw,TRUE,FALSE,TRUE,FALSE,S.Q677P.Pelican
816,6/11/2020,F,9,Nicaraguan,FALSE,TRUE,TRUE,TRUE,S.S98F
817,11/15/2020,F,76,Comanche,TRUE,TRUE,TRUE,TRUE,21G.Lambda
818,12/3/2021,F,43,Puget Sound Salish,TRUE,FALSE,TRUE,TRUE,21I.Delta
819,7/20/2021,M,10,Yakama,TRUE,TRUE,FALSE,FALSE,S.Q677R.Roadrunner
820,9/9/2020,F,92,Bolivian,TRUE,TRUE,TRUE,TRUE,21J.Delta
821,12/18/2021,M,24,Vietnamese,FALSE,FALSE,FALSE,FALSE,S.T572
822,3/21/2021,F,100,Chippewa,FALSE,TRUE,TRUE,FALSE,21I.Delta
823,6/19/2021,F,13,Aleut,FALSE,TRUE,TRUE,TRUE,Delta.145H
824,4/30/2020,M,66,Houma,TRUE,FALSE,TRUE,FALSE,21D.Eta
825,4/9/2020,F,16,Taiwanese,FALSE,TRUE,FALSE,TRUE,S.Y145
826,8/17/2020,M,46,Colombian,TRUE,FALSE,TRUE,FALSE,S.H655
827,1/20/2021,M,54,Chinese,TRUE,TRUE,TRUE,TRUE,S.E484
828,10/27/2021,M,86,Peruvian,FALSE,FALSE,TRUE,FALSE,21A.21B
829,2/18/2020,M,8,Korean,TRUE,TRUE,FALSE,TRUE,S.Q677H.Quail
830,2/1/2020,F,64,Indonesian,TRUE,TRUE,FALSE,FALSE,Delta.145H
831,11/16/2021,F,58,Comanche,TRUE,TRUE,FALSE,FALSE,S.Y145
832,11/2/2020,F,85,Sri Lankan,FALSE,FALSE,FALSE,TRUE,S.N501
833,5/10/2020,M,88,Alaskan Athabascan,TRUE,FALSE,TRUE,FALSE,S.Y453F
834,9/4/2020,F,92,Delaware,TRUE,TRUE,FALSE,TRUE,S.Q677P.Pelican
835,2/28/2021,F,17,Yaqui,TRUE,FALSE,TRUE,FALSE,20B.S.796H
836,5/14/2020,F,54,Indonesian,FALSE,TRUE,FALSE,TRUE,S.N501
837,1/18/2020,M,4,Fijian,TRUE,TRUE,FALSE,FALSE,S.D80Y
838,6/16/2021,F,37,American Indian,TRUE,TRUE,FALSE,FALSE,20H.Beta.V2
839,10/24/2020,F,82,South American,FALSE,TRUE,FALSE,TRUE,S.Q677H.Yellowhammer
840,12/13/2021,M,50,Polynesian,FALSE,TRUE,FALSE,FALSE,S.Q677H.Quail
841,4/17/2021,F,66,Uruguayan,TRUE,FALSE,TRUE,FALSE,S.S98F
842,11/21/2020,M,22,Cree,FALSE,TRUE,TRUE,FALSE,S.N501
843,4/6/2021,M,79,Blackfeet,TRUE,FALSE,FALSE,FALSE,S.Q677
844,9/19/2020,M,44,Pueblo,FALSE,FALSE,FALSE,TRUE,21D.Eta
845,3/21/2021,F,2,Puget Sound Salish,FALSE,FALSE,TRUE,TRUE,S.Y145
846,1/29/2021,M,98,Aleut,TRUE,TRUE,FALSE,TRUE,S.Q613
847,9/14/2021,M,47,South American,TRUE,TRUE,TRUE,TRUE,S.Q677H.Quail
848,5/28/2021,F,2,Chippewa,TRUE,FALSE,TRUE,FALSE,21G.Lambda
849,8/14/2021,F,5,Nicaraguan,FALSE,FALSE,TRUE,TRUE,21I.Delta
850,9/2/2021,M,52,Creek,TRUE,FALSE,TRUE,TRUE,20A.S.126A
851,9/2/2020,F,94,Chinese,FALSE,TRUE,TRUE,FALSE,S.Q677H.Robin2
852,11/19/2021,F,41,Aleut,FALSE,FALSE,TRUE,TRUE,S.S98F
853,10/26/2021,F,84,Ute,FALSE,TRUE,FALSE,FALSE,Omicron Similar
854,4/22/2021,F,78,Chamorro,TRUE,FALSE,TRUE,FALSE,20H.Beta.V2
855,2/8/2020,F,36,Alaska Native,FALSE,TRUE,FALSE,TRUE,20B.S.796H
856,5/14/2021,M,57,Dominican (Dominican Republic),TRUE,FALSE,TRUE,FALSE,21D.Eta
857,8/29/2020,M,55,Paiute,FALSE,TRUE,FALSE,TRUE,S.S477
858,6/2/2020,M,98,Creek,FALSE,FALSE,TRUE,FALSE,20H.Beta.V2
859,9/20/2020,M,71,Blackfeet,FALSE,FALSE,FALSE,FALSE,21H.Mu
860,2/14/2020,M,92,Osage,TRUE,FALSE,TRUE,TRUE,21K.Omicron
861,8/26/2020,M,68,Colville,TRUE,TRUE,FALSE,FALSE,21H.Mu
862,5/30/2021,M,51,Native Hawaiian,TRUE,TRUE,TRUE,FALSE,Delta.ORF1a3059F
863,3/3/2021,F,84,Shoshone,FALSE,FALSE,TRUE,TRUE,S.H69-
864,2/6/2021,M,66,Korean,FALSE,FALSE,FALSE,TRUE,21K.Omicron
865,6/22/2021,F,25,Sioux,TRUE,TRUE,TRUE,FALSE,S.H655
866,10/22/2020,F,18,Chamorro,TRUE,TRUE,TRUE,TRUE,Delta.N.412R
867,6/6/2020,F,93,Dominican (Dominican Republic),FALSE,FALSE,TRUE,TRUE,S.S98F
868,10/3/2020,F,98,Menominee,FALSE,TRUE,FALSE,FALSE,21A.Delta
869,1/14/2021,F,14,Yuman,FALSE,TRUE,FALSE,TRUE,S.Q677H.Robin2
870,10/9/2020,M,87,Houma,FALSE,FALSE,FALSE,TRUE,Delta.250I
871,6/14/2021,F,10,Cherokee,TRUE,TRUE,TRUE,FALSE,S.Q613
872,2/11/2021,M,58,Central American,TRUE,TRUE,FALSE,FALSE,21J.Delta
873,1/26/2020,F,36,Yaqui,TRUE,FALSE,TRUE,FALSE,20A.EU2
874,9/22/2020,F,58,Houma,FALSE,TRUE,FALSE,FALSE,S.Q677H.Bluebird
875,8/2/2020,M,17,Eskimo,TRUE,FALSE,TRUE,TRUE,DanishCluster
876,1/6/2021,M,52,Paraguayan,FALSE,FALSE,FALSE,TRUE,21I.Delta
877,9/21/2020,F,97,Chilean,TRUE,FALSE,TRUE,TRUE,S.Q677H.Robin2
878,5/30/2020,M,40,Choctaw,TRUE,TRUE,FALSE,FALSE,Delta.N.412R
879,7/8/2020,F,73,Navajo,TRUE,FALSE,FALSE,TRUE,20A.S.210T
880,7/17/2021,F,62,Bolivian,TRUE,FALSE,TRUE,TRUE,S.E484
881,10/28/2021,F,88,Bangladeshi,TRUE,TRUE,FALSE,FALSE,21H.Mu
882,6/29/2020,M,34,Yakama,TRUE,TRUE,FALSE,TRUE,S.N439K
883,12/16/2021,F,61,Peruvian,TRUE,TRUE,FALSE,FALSE,S.Q677H.Bluebird
884,10/12/2021,F,22,Hmong,TRUE,TRUE,TRUE,TRUE,S.V1122L
885,11/26/2020,F,81,Colville,TRUE,FALSE,FALSE,TRUE,S.V1122L
886,4/23/2020,M,46,Guatemalan,TRUE,FALSE,FALSE,TRUE,21A.21B
887,1/28/2021,F,53,Lumbee,FALSE,TRUE,FALSE,TRUE,S.Q613
888,2/3/2020,M,67,White,FALSE,FALSE,FALSE,FALSE,S.D80Y
889,12/22/2021,M,38,Filipino,TRUE,FALSE,TRUE,TRUE,21H.Mu
890,4/15/2020,M,68,Apache,FALSE,FALSE,FALSE,TRUE,S.P681
891,5/31/2020,M,52,Ecuadorian,TRUE,TRUE,TRUE,TRUE,S.Q677H.Quail
892,6/12/2020,F,25,Chinese,FALSE,FALSE,TRUE,TRUE,21B.Kappa
893,10/2/2020,M,57,Colville,FALSE,TRUE,TRUE,FALSE,S.H69-
894,12/15/2021,M,94,Bangladeshi,FALSE,TRUE,FALSE,FALSE,S.Q677H.Yellowhammer
895,2/17/2021,F,58,Taiwanese,TRUE,TRUE,FALSE,TRUE,S.N439K
896,7/10/2020,F,23,Puerto Rican,FALSE,TRUE,TRUE,FALSE,S.N439K
897,8/7/2021,M,17,Nicaraguan,FALSE,FALSE,TRUE,FALSE,S.A222
898,3/8/2021,F,39,Uruguayan,FALSE,FALSE,TRUE,TRUE,S.Q613
899,9/20/2020,F,49,Peruvian,TRUE,FALSE,TRUE,FALSE,21K.Omicron
900,10/7/2020,F,10,Potawatomi,FALSE,FALSE,FALSE,TRUE,S.A626S
901,8/5/2020,M,84,Colville,FALSE,FALSE,TRUE,TRUE,Delta.N.412R
902,2/15/2021,F,49,Samoan,FALSE,FALSE,TRUE,FALSE,S.N501
903,2/9/2020,M,56,Puerto Rican,FALSE,FALSE,TRUE,TRUE,S.T572
904,10/20/2021,M,63,Colombian,FALSE,FALSE,FALSE,FALSE,21D.Eta
905,7/13/2021,M,97,American Indian and Alaska Native (AIAN),FALSE,FALSE,FALSE,TRUE,S.S477
906,8/11/2021,M,16,Creek,FALSE,FALSE,TRUE,TRUE,20J.Gamma.V3
907,11/21/2020,M,84,American Indian,FALSE,FALSE,TRUE,TRUE,21G.Lambda
908,8/31/2021,M,71,Aleut,TRUE,FALSE,FALSE,FALSE,S.V1122L
909,8/23/2020,M,40,Colombian,FALSE,FALSE,TRUE,TRUE,21A.Delta.S.K417
910,2/2/2020,F,31,Colville,FALSE,FALSE,TRUE,FALSE,20B.S.732A
911,1/31/2021,M,67,Asian Indian,TRUE,TRUE,TRUE,FALSE,Delta.250I
912,2/22/2020,M,76,Chickasaw,FALSE,FALSE,TRUE,FALSE,21A.Delta
913,3/1/2021,M,95,Menominee,FALSE,FALSE,FALSE,TRUE,S.T572
914,6/10/2020,M,20,Cambodian,TRUE,TRUE,TRUE,FALSE,S.Y453F
915,2/16/2021,F,56,Pima,TRUE,TRUE,FALSE,TRUE,21H.Mu
916,10/12/2020,M,18,Nicaraguan,TRUE,TRUE,FALSE,TRUE,S.S98F
917,8/26/2020,F,96,Salvadoran,TRUE,TRUE,FALSE,TRUE,S.Q677R.Roadrunner
918,10/27/2021,F,76,Korean,TRUE,TRUE,TRUE,TRUE,21J.Delta
919,10/23/2020,F,16,Argentinian,TRUE,TRUE,TRUE,FALSE,S.Y453F
920,6/1/2021,F,96,Ute,TRUE,TRUE,TRUE,FALSE,ORF1a.S3675
921,1/31/2021,F,66,Seminole,FALSE,TRUE,TRUE,TRUE,S.Q677
922,6/30/2020,M,13,Dominican (Dominican Republic),TRUE,TRUE,FALSE,FALSE,S.A626S
923,11/14/2021,F,30,Yakama,FALSE,FALSE,FALSE,FALSE,Delta.ORF1a3059F
924,8/19/2021,F,8,Dominican (Dominican Republic),FALSE,FALSE,TRUE,TRUE,S.Y145
925,1/27/2021,M,45,Bangladeshi,TRUE,TRUE,TRUE,TRUE,S.E484
926,12/7/2020,F,45,Chinese,FALSE,FALSE,TRUE,TRUE,Delta.N.412R
927,1/1/2020,F,20,Puerto Rican,FALSE,FALSE,FALSE,TRUE,21H.Mu
928,11/10/2020,M,59,Laotian,FALSE,FALSE,TRUE,FALSE,S.Q677H.Quail
929,12/23/2021,F,6,Costa Rican,TRUE,FALSE,FALSE,TRUE,21F.Iota
930,10/25/2020,M,17,Guatemalan,FALSE,TRUE,TRUE,FALSE,21I.Delta
931,6/5/2020,M,9,Guatemalan,TRUE,TRUE,FALSE,FALSE,21A.Delta
932,8/21/2021,F,81,Seminole,FALSE,FALSE,TRUE,FALSE,S.H69-
933,12/2/2020,M,2,Latin American Indian,FALSE,FALSE,FALSE,TRUE,20A.EU2
934,12/2/2021,M,34,Micronesian,TRUE,TRUE,TRUE,FALSE,S.Q677
935,3/22/2020,F,54,Creek,TRUE,FALSE,FALSE,TRUE,S.Q677H.Robin1
936,11/30/2021,M,20,Colombian,TRUE,TRUE,FALSE,TRUE,S.Q677H.Quail
937,4/26/2020,M,42,Tlingit-Haida,TRUE,FALSE,FALSE,FALSE,21I.Delta
938,2/29/2020,M,20,Ottawa,TRUE,TRUE,FALSE,TRUE,21A.21B
939,3/12/2021,F,80,Japanese,FALSE,FALSE,TRUE,FALSE,20A.S.210T
940,8/22/2021,F,67,Seminole,TRUE,FALSE,TRUE,FALSE,20H.Beta.V2
941,10/13/2021,F,43,Native Hawaiian and Other Pacific Islander (NHPI),TRUE,TRUE,FALSE,FALSE,S.H69-
942,1/28/2021,F,41,Puerto Rican,TRUE,TRUE,FALSE,FALSE,21G.Lambda
943,8/30/2021,M,1,Nicaraguan,TRUE,FALSE,FALSE,FALSE,20B.S.796H
944,2/26/2021,F,54,Shoshone,TRUE,FALSE,TRUE,TRUE,21I.Delta
945,4/1/2021,M,59,Paiute,TRUE,TRUE,TRUE,TRUE,Omicron Similar
946,3/15/2021,M,81,Colville,FALSE,FALSE,FALSE,FALSE,S.L18
947,6/22/2021,M,14,Venezuelan,FALSE,FALSE,FALSE,TRUE,S.S98F
948,2/29/2020,M,50,Aleut,FALSE,FALSE,TRUE,TRUE,S.S98F
949,8/2/2020,M,70,Mexican,TRUE,TRUE,FALSE,FALSE,S.H655
950,10/20/2020,F,33,Black or African American,TRUE,TRUE,TRUE,TRUE,S.A222
951,3/25/2021,F,58,Guamanian,TRUE,TRUE,FALSE,TRUE,S.D80Y
952,6/29/2020,F,8,Puerto Rican,FALSE,TRUE,FALSE,TRUE,S.Q677H.Quail
953,8/30/2020,M,71,Navajo,TRUE,FALSE,TRUE,FALSE,S.H69-
954,1/19/2020,M,32,Mexican,FALSE,TRUE,TRUE,TRUE,Omicron Similar
955,12/13/2020,M,17,Latin American Indian,FALSE,FALSE,FALSE,FALSE,S.Y144-
956,10/24/2021,F,81,Venezuelan,TRUE,TRUE,TRUE,FALSE,S.Q677
957,4/10/2020,F,10,Nicaraguan,FALSE,TRUE,FALSE,TRUE,21A.21B
958,2/8/2021,F,22,Yaqui,FALSE,TRUE,TRUE,FALSE,S.S98F
959,2/19/2020,F,91,Seminole,FALSE,FALSE,FALSE,FALSE,S.Q677
960,10/9/2020,F,30,Japanese,TRUE,TRUE,TRUE,TRUE,S.N439K
961,3/6/2021,M,15,Tongan,TRUE,TRUE,TRUE,FALSE,S.A222
962,3/3/2021,F,48,Asian Indian,TRUE,TRUE,FALSE,TRUE,20J.Gamma.V3
963,9/24/2021,M,22,Bolivian,TRUE,FALSE,FALSE,TRUE,21K.Omicron
964,9/6/2021,M,73,Samoan,FALSE,TRUE,FALSE,TRUE,S.Q677H.Bluebird
965,6/24/2021,M,62,Alaskan Athabascan,FALSE,TRUE,TRUE,FALSE,S.Q613
966,4/20/2020,F,96,Chickasaw,TRUE,FALSE,FALSE,FALSE,S.Y144-
967,2/8/2021,F,83,Puerto Rican,FALSE,TRUE,FALSE,TRUE,S.P681
968,12/24/2020,M,87,Ottawa,TRUE,TRUE,FALSE,TRUE,S.N439K
969,2/27/2021,F,31,Apache,TRUE,TRUE,TRUE,TRUE,20B.S.796H
970,6/24/2020,M,41,Choctaw,FALSE,TRUE,FALSE,FALSE,20A.S.210T
971,9/28/2021,F,39,Apache,TRUE,FALSE,TRUE,FALSE,Delta.250I
972,5/6/2020,M,99,Ottawa,FALSE,FALSE,TRUE,FALSE,20A.S.126A
973,8/27/2021,F,39,Korean,TRUE,FALSE,TRUE,TRUE,S.K417
974,2/29/2020,M,63,Native Hawaiian,TRUE,TRUE,TRUE,TRUE,20A.EU1
975,1/3/2020,F,1,Honduran,TRUE,FALSE,TRUE,FALSE,DanishCluster
976,7/3/2020,F,73,Aleut,FALSE,FALSE,FALSE,FALSE,21A.Delta.S.K417
977,1/12/2020,M,92,Guatemalan,FALSE,FALSE,TRUE,TRUE,S.Q677H.Heron
978,12/31/2020,M,36,Argentinian,TRUE,TRUE,TRUE,FALSE,S.P681
979,8/8/2021,F,18,Tongan,TRUE,TRUE,FALSE,TRUE,Omicron Similar
980,12/7/2021,M,12,Vietnamese,FALSE,FALSE,FALSE,TRUE,S.T572
981,7/17/2021,F,19,American Indian,FALSE,TRUE,TRUE,TRUE,Delta.ORF1a3059F
982,4/29/2020,M,61,Polynesian,FALSE,FALSE,TRUE,FALSE,S.Q677P.Pelican
983,10/22/2021,F,63,Shoshone,TRUE,FALSE,FALSE,TRUE,S.V1122L
984,10/30/2020,F,74,Chamorro,FALSE,FALSE,TRUE,FALSE,Delta.145H
985,7/5/2021,M,95,Paraguayan,TRUE,FALSE,FALSE,TRUE,21B.Kappa
986,3/19/2020,F,54,Central American,FALSE,FALSE,FALSE,TRUE,20J.Gamma.V3
987,7/21/2021,M,98,Comanche,FALSE,TRUE,FALSE,TRUE,S.A626S
988,5/26/2021,M,18,Thai,FALSE,FALSE,FALSE,FALSE,DanishCluster
989,9/20/2020,F,81,Ottawa,TRUE,TRUE,TRUE,FALSE,20A.S.126A
990,12/4/2020,F,53,Asian Indian,TRUE,FALSE,FALSE,FALSE,20A.S.210T
991,11/9/2020,M,70,Tlingit-Haida,FALSE,FALSE,TRUE,TRUE,Delta.ORF1a3059F
992,4/7/2021,M,35,Yuman,TRUE,FALSE,TRUE,TRUE,S.Q677H.Robin2
993,1/19/2021,F,69,Argentinian,TRUE,TRUE,FALSE,TRUE,S.T572
994,1/14/2020,F,53,Laotian,TRUE,FALSE,TRUE,TRUE,20A.S.210T
995,8/31/2020,F,39,Ecuadorian,TRUE,FALSE,TRUE,FALSE,S.E484
996,7/26/2020,F,1,Cuban,FALSE,TRUE,TRUE,TRUE,S.Y144-
997,10/9/2020,M,44,Comanche,TRUE,FALSE,TRUE,FALSE,21I.Delta
998,6/12/2021,F,94,Native Hawaiian,TRUE,FALSE,TRUE,TRUE,S.Q677H.Robin2
999,3/24/2021,M,61,Comanche,FALSE,TRUE,FALSE,TRUE,DanishCluster
1000,3/8/2021,F,89,Taiwanese,FALSE,TRUE,TRUE,FALSE,S.A626S
